0.02, 2.00001, -0.000255663, 0.00399474, 0, -0.56489, 0
0.04, 2.00003, -0.000383495, 0.203732, 0, -0.551529, 0
0.06, 2.00007, 0.00818123, 0.663127, 32, -0.543495, 0
0.08, 2.00013, 0.0173851, 0.663127, 16, -0.554938, 0
0.1, 2.0002, 0.0319579, 0.583232, 16, -0.570576, 0
0.12, 2.00029, 0.0504935, 0.982706, 16, -0.568799, 0
0.14, 2.00039, 0.0731198, 1.26234, 16, -0.556989, 0
0.16, 2.00051, 0.0990696, 1.38218, -16, -0.549975, 0
0.18, 2.00065, 0.128727, 1.54197, 16, -0.547559, 0
0.2, 2.0008, 0.164008, 1.8216, 16, -0.543689, 0
0.22, 2.00097, 0.201846, 2.14118, 0, -0.527489, 0
0.24, 2.00115, 0.243903, 2.30097, 0, -0.510924, 0
0.26, 2.00135, 0.290434, 2.60058, -16, -0.511514, 0
0.28, 2.00157, 0.340672, 2.50071, 0, -0.529493, 0
0.3, 2.0018, 0.396151, 3.00005, -16, -0.542352, 0
0.32, 2.00205, 0.452652, 3.00005, 16, -0.548656, 0
0.34, 2.00231, 0.516824, 2.84026, 0, -0.561861, 0
0.36, 2.00259, 0.583552, 3.7191, 16, -0.548035, 0
0.38, 2.00289, 0.652198, 3.95879, -16, -0.538182, 0
0.4, 2.0032, 0.726596, 3.799, 16, -0.518048, 0
0.42, 2.00353, 0.80713, 4.1785, 16, -0.496937, 0
0.44, 2.00387, 0.888686, 4.65787, 16, -0.51663, 0
0.46, 2.00423, 0.973694, 4.23842, 48, -0.525486, 0
0.48, 2.00461, 1.06663, 4.25839, 32, -0.442079, 0
0.5, 2.005, 1.15036, 4.23842, 32, -0.419826, 0
0.52, 2.00541, 1.23102, 3.99874, 64, -0.503978, 0
0.54, 2.00583, 1.30976, 3.7191, 48, -0.607469, 0
0.56, 2.00627, 1.38199, 3.7191, 64, -0.615821, 0
0.58, 2.00673, 1.45012, 3.45945, 64, -0.484286, 0
0.6, 2.0072, 1.51493, 3.39952, 80, -0.397915, 0
0.62, 2.00769, 1.57655, 2.84026, 80, -360.319, 0
0.64, 2.00819, 1.63113, 2.56063, 112, -360.218, 0
0.66, 2.00871, 1.68533, 2.34092, 96, -360.258, 0
0.68, 2.00925, 1.73493, 2.34092, 80, -0.530342, 0
0.7, 2.0098, 1.77776, 2.32094, 80, -0.863303, 0
0.72, 2.01037, 1.82032, 1.86155, 80, -0.806932, 0
0.74, 2.01095, 1.85893, 2.04131, 80, -360.351, 0
0.76, 2.01155, 1.8905, 1.48205, 96, -360.147, 0
0.78, 2.01217, 1.9162, 1.20242, 112, -360.007, 0
0.8, 2.0128, 1.94573, 1.16247, 80, -359.766, 0
0.82, 2.01345, 1.96682, 0.962733, 112, -359.909, 0
0.84, 2.01411, 1.98382, 0.703074, 96, -360.244, 0
0.86, 2.01479, 1.99712, 0.902812, 80, -0.670619, 0
0.88, 2.01549, 2.00875, 0.423443, 112, -0.705407, 0
0.9, 2.0162, 2.01386, 0.323574, 96, -359.999, 0
0.92, 2.01693, 2.01731, 0.223706, 112, -359.759, 0
0.94, 2.01767, 2.01795, 0.0838896, 112, -360.087, 0
0.96, 2.01843, 2.01808, 0.0639159, 112, -360.139, 0
0.98, 2.01921, 2.01936, 0.143811, 80, -360.373, 0
1, 2.02, 2.02025, 0.0838896, 96, -360.327, 0
1.02, 2.02081, 2.02051, 0.0838896, 96, -359.515, 0
1.04, 2.02163, 2.02179, 0.123837, 96, -359.114, 0
1.06, 2.02247, 2.02191, 0.0639159, 112, -359.43, 0
1.08, 2.02333, 2.02358, 0.323574, 112, -359.988, 0
1.1, 2.0242, 2.0246, 0.0838896, 80, -0.600297, 0
1.12, 2.02509, 2.0246, 0.0639159, 96, -0.757876, 0
1.14, 2.02599, 2.0246, 0.0639159, 96, -0.392124, 0
1.16, 2.02691, 2.02575, 0.323574, 112, -359.983, 0
1.18, 2.02785, 2.02818, -0.0559264, 96, -359.571, 0
1.2, 2.0288, 2.02856, 0.0639159, 80, -359.162, 0
1.22, 2.02977, 2.02882, 0.0639159, 96, -359.332, 0
1.24, 2.03075, 2.03099, 0.363521, 80, -360.374, 0
1.26, 2.03175, 2.03227, -0.0759001, 96, -1.38107, 0
1.28, 2.03277, 2.0324, 0.0639159, 80, -1.54631, 0
1.3, 2.0338, 2.0324, 0.0639159, 112, -1.09793, 0
1.32, 2.03485, 2.03265, 0.223706, 112, -360.36, 0
1.34, 2.03591, 2.03662, 0.243679, 80, -359.799, 0
1.36, 2.03699, 2.03777, 0.0838896, 80, -359.706, 0
1.38, 2.03809, 2.03777, 0.0639159, 80, -360.081, 0
1.4, 2.0392, 2.03777, 0.0639159, 96, -0.827308, 0
1.42, 2.04033, 2.03879, 0.283627, 128, -1.24903, 0
1.44, 2.04147, 2.04211, 0.00399474, 96, -1.22943, 0
1.46, 2.04263, 2.0425, 0.0838896, 80, -1.10358, 0
1.48, 2.0438, 2.04326, 0.0838896, 96, -0.795201, 0
1.5, 2.045, 2.04518, 0.00399474, 112, -0.518241, 0
1.52, 2.0462, 2.04569, 0.0838896, 96, -0.396051, 0
1.54, 2.04743, 2.04735, 0.143811, 96, -360.281, 0
1.56, 2.04867, 2.04799, 0.0838896, 112, -0.621451, 0
1.58, 2.04992, 2.04991, 0.363521, 96, -1.13358, 0
1.6, 2.05119, 2.05144, 0.0838896, 96, -1.07715, 0
1.62, 2.05248, 2.05157, 0.0639159, 112, -0.931538, 0
1.64, 2.05379, 2.05221, 0.263653, 128, -0.612629, 0
1.66, 2.05511, 2.05553, 0.143811, 96, -360.171, 0
1.68, 2.05644, 2.05579, 0.0639159, 80, -360.138, 0
1.7, 2.05779, 2.05694, 0.283627, 112, -360.23, 0
1.72, 2.05916, 2.05924, 0.103863, 96, -0.451257, 0
1.74, 2.06054, 2.05937, 0.0639159, 112, -0.605686, 0
1.76, 2.06194, 2.0632, 0.523311, 96, -0.656064, 0
1.78, 2.06336, 2.06487, 0.103863, 80, -0.654719, 0
1.8, 2.06479, 2.06487, 0.0639159, 64, -360.38, 0
1.82, 2.06624, 2.06487, 0.0639159, 64, -360.144, 0
1.84, 2.0677, 2.06487, 0.0639159, 64, -360.16, 0
1.86, 2.06918, 2.06499, 0.223706, 96, -360.33, 0
1.88, 2.07067, 2.07266, 0.3036, 96, -0.519208, 0
1.9, 2.07218, 2.0733, 0.103863, 80, -0.608646, 0
1.92, 2.07371, 2.0733, 0.0639159, 112, -0.598719, 0
1.94, 2.07525, 2.07394, 0.103863, 112, -0.477293, 0
1.96, 2.07681, 2.07675, 0.00399474, 112, -360.297, 0
1.98, 2.07839, 2.07893, 0.203732, 64, -360.182, 0
2, 2.07998, 2.07957, -0.0559264, 128, -360.243, 0
2.02, 2.08159, 2.08021, 0.0838896, 112, -360.373, 0
2.04, 2.08321, 2.08353, 0.0838896, 96, -0.453845, 0
2.06, 2.08485, 2.08468, 0.263653, 96, -0.535497, 0
2.08, 2.0865, 2.08583, 0.103863, 96, -0.519957, 0
2.1, 2.08817, 2.08826, 0.403469, 96, -0.393824, 0
2.12, 2.08986, 2.08954, 0.103863, 128, -360.278, 0
2.14, 2.09156, 2.09094, 0.163784, 80, -360.229, 0
2.16, 2.09328, 2.09273, 0.103863, 96, -360.288, 0
2.18, 2.09501, 2.09414, 0.323574, 96, -0.389563, 0
2.2, 2.09676, 2.09657, 0.143811, 80, -0.504366, 0
2.22, 2.09853, 2.09836, 0.00399474, 96, -0.555314, 0
2.24, 2.10031, 2.09964, 0.3036, 112, -0.461162, 0
2.26, 2.10211, 2.10181, 0.163784, 96, -360.378, 0
2.28, 2.10392, 2.10334, 0.123837, 96, -360.326, 0
2.3, 2.10575, 2.10488, 0.143811, 64, -360.316, 0
2.32, 2.1076, 2.10692, 0.103863, 112, -360.369, 0
2.34, 2.10946, 2.10807, 0.283627, 112, -0.404876, 0
2.36, 2.11133, 2.11114, -0.015979, 96, -0.463675, 0
2.38, 2.11323, 2.1128, 0.143811, 96, -0.462648, 0
2.4, 2.11514, 2.11446, 0.143811, 96, -360.319, 0
2.42, 2.11706, 2.11689, 0.203732, 96, -360.255, 0
2.44, 2.119, 2.11881, 0.343548, 80, -360.298, 0
2.46, 2.12096, 2.12034, 0.143811, 96, -360.325, 0
2.48, 2.12293, 2.12303, 0.243679, 112, -360.373, 0
2.5, 2.12492, 2.12405, 0.0838896, 96, -0.428024, 0
2.52, 2.12692, 2.12571, 0.183758, 96, -0.475137, 0
2.54, 2.12894, 2.12801, 0.163784, 112, -0.419082, 0
2.56, 2.13098, 2.13032, 0.383495, 112, -360.291, 0
2.58, 2.13303, 2.13287, -0.015979, 112, -360.317, 0
2.6, 2.1351, 2.13441, 0.323574, 112, -0.39458, 0
2.62, 2.13718, 2.13684, 0.163784, 112, -0.411293, 0
2.64, 2.13928, 2.13901, -0.0359527, 112, -0.446233, 0
2.66, 2.14139, 2.14041, 0.103863, 96, -0.482191, 0
2.68, 2.14352, 2.14246, 0.143811, 96, -0.434675, 0
2.7, 2.14567, 2.14527, 0.0639159, 112, -360.34, 0
2.72, 2.14783, 2.14719, 0.183758, 96, -360.288, 0
2.74, 2.15001, 2.14987, 0.00399474, 144, -360.228, 0
2.76, 2.1522, 2.15141, 0.3036, 96, -360.192, 0
2.78, 2.15441, 2.15358, 0.343548, 128, -360.283, 0
2.8, 2.15664, 2.15627, 0.143811, 96, -0.406718, 0
2.82, 2.15888, 2.15754, 0.163784, 96, -0.449064, 0
2.84, 2.16114, 2.161, 0.203732, 96, -0.425258, 0
2.86, 2.16341, 2.16227, 0.123837, 112, -360.363, 0
2.88, 2.1657, 2.16457, 0.523311, 112, -360.29, 0
2.9, 2.168, 2.16764, -0.0359527, 96, -360.306, 0
2.92, 2.17032, 2.16841, 0.263653, 144, -360.357, 0
2.94, 2.17266, 2.17186, 0.163784, 112, -0.391983, 0
2.96, 2.17501, 2.17429, 0.203732, 128, -0.474412, 0
2.98, 2.17737, 2.17672, 0.123837, 96, -0.487279, 0
3, 2.17976, 2.17838, 0.183758, 96, -0.396092, 0
3.02, 2.18216, 2.18094, -0.0359527, 128, -360.316, 0
3.04, 2.18457, 2.18362, 0.363521, 112, -360.287, 0
3.06, 2.187, 2.18656, 0.203732, 112, -360.225, 0
3.08, 2.18944, 2.18797, 0.143811, 112, -360.2, 0
3.1, 2.1919, 2.19283, 0.343548, 96, -360.311, 0
3.12, 2.19438, 2.19359, 0.0838896, 112, -0.418911, 0
3.14, 2.19687, 2.19589, 0.223706, 112, -0.425441, 0
3.16, 2.19938, 2.19819, 0.363521, 112, -0.401459, 0
3.18, 2.2019, 2.20126, 0.183758, 80, -360.38, 0
3.2, 2.20444, 2.20331, 0.123837, 96, -360.358, 0
3.22, 2.207, 2.20586, 0.223706, 112, -360.331, 0
3.24, 2.20957, 2.20817, 0.163784, 128, -360.27, 0
3.26, 2.21215, 2.212, 0.203732, 112, -360.319, 0
3.28, 2.21475, 2.21366, 0.123837, 96, -0.419725, 0
3.3, 2.21737, 2.21647, 0.243679, 96, -0.433562, 0
3.32, 2.22, 2.2189, 0.163784, 112, -0.395451, 0
3.34, 2.22265, 2.22172, 0.0239684, 112, -0.396875, 0
3.36, 2.22531, 2.22427, 0.223706, 112, -360.334, 0
3.38, 2.22799, 2.22772, 0.383495, 96, -360.19, 0
3.4, 2.23069, 2.22951, 0.3036, 96, -360.208, 0
3.42, 2.23339, 2.23143, 0.3036, 112, -360.313, 0
3.44, 2.23612, 2.23539, 0.203732, 112, -0.403373, 0
3.46, 2.23886, 2.23769, 0.163784, 128, -0.489439, 0
3.48, 2.24162, 2.24051, 0.223706, 80, -0.458212, 0
3.5, 2.24439, 2.24396, 0.46339, 112, -360.375, 0
3.52, 2.24717, 2.246, 0.123837, 112, -360.318, 0
3.54, 2.24998, 2.2492, 0.243679, 96, -360.233, 0
3.56, 2.25279, 2.25252, 0.3036, 96, -360.339, 0
3.58, 2.25563, 2.25418, 0.103863, 112, -0.480406, 0
3.6, 2.25848, 2.25815, 0.483364, 112, -0.389528, 0
3.62, 2.26134, 2.25943, 0.143811, 80, -360.376, 0
3.64, 2.26422, 2.26428, 0.0838896, 112, -0.413523, 0
3.66, 2.26711, 2.26518, 0.283627, 112, -360.355, 0
3.68, 2.27002, 2.27055, 0.363521, 80, -360.315, 0
3.7, 2.27295, 2.27131, 0.0838896, 96, -360.357, 0
3.72, 2.27589, 2.27374, 0.383495, 96, -0.431875, 0
3.74, 2.27884, 2.27783, 0.603206, 128, -0.405191, 0
3.76, 2.28181, 2.28103, 0.123837, 96, -360.361, 0
3.78, 2.2848, 2.28307, 0.363521, 112, -0.407045, 0
3.8, 2.2878, 2.28742, 0.203732, 80, -0.49849, 0
3.82, 2.29081, 2.28959, 0.383495, 96, -360.369, 0
3.84, 2.29384, 2.29202, 0.143811, 96, -360.216, 0
3.86, 2.29689, 2.29637, 0.3036, 96, -360.34, 0
3.88, 2.29995, 2.2979, 0.163784, 112, -0.416171, 0
3.9, 2.30303, 2.30225, 0.283627, 96, -0.41037, 0
3.92, 2.30612, 2.30596, 0.0639159, 96, -0.455626, 0
3.94, 2.30923, 2.30813, 0.383495, 112, -0.551441, 0
3.96, 2.31235, 2.31081, 0.203732, 96, -0.469286, 0
3.98, 2.31548, 2.31516, 0.503337, 80, -360.229, 0
4, 2.31864, 2.31657, 0.283627, 96, -360.23, 0
4.02, 2.3218, 2.32015, 0.223706, 144, -360.307, 0
4.04, 2.32498, 2.32449, 0.123837, 112, -360.293, 0
4.06, 2.32818, 2.32628, 0.163784, 96, -360.355, 0
4.08, 2.33139, 2.33076, 0.0838896, 96, -0.446629, 0
4.1, 2.33462, 2.33318, 0.0239684, 112, -0.433782, 0
4.12, 2.33786, 2.33664, 0.46339, 112, -360.349, 0
4.14, 2.34112, 2.33919, 0.163784, 112, -360.282, 0
4.16, 2.34439, 2.34367, 0.223706, 128, -360.254, 0
4.18, 2.34767, 2.34533, 0.323574, 112, -360.306, 0
4.2, 2.35097, 2.35057, 0.243679, 112, -0.39644, 0
4.22, 2.35429, 2.3521, 0.143811, 96, -0.451679, 0
4.24, 2.35762, 2.35658, 0.123837, 144, -0.521937, 0
4.26, 2.36096, 2.36041, 0.283627, 96, -0.512166, 0
4.28, 2.36432, 2.36284, 0.183758, 96, -360.342, 0
4.3, 2.3677, 2.36617, 0.443416, 128, -360.237, 0
4.32, 2.37109, 2.36949, -0.0359527, 112, -360.267, 0
4.34, 2.37449, 2.37307, 0.822917, 112, -360.343, 0
4.36, 2.37791, 2.37703, -0.0359527, 96, -360.355, 0
4.38, 2.38134, 2.37793, 0.3036, 112, -360.363, 0
4.4, 2.38479, 2.38355, 0.223706, 112, -0.445942, 0
4.42, 2.38825, 2.38623, 0.383495, 96, -0.426573, 0
4.44, 2.39172, 2.38981, 0.183758, 112, -360.289, 0
4.46, 2.39521, 2.39442, 0.363521, 112, -360.216, 0
4.48, 2.39872, 2.39736, 0.583232, 96, -360.29, 0
4.5, 2.40224, 2.40068, 0.143811, 96, -360.324, 0
4.52, 2.40577, 2.40413, 0.343548, 112, -360.357, 0
4.54, 2.40932, 2.4072, 0.203732, 128, -0.484348, 0
4.56, 2.41288, 2.41129, 0.203732, 128, -0.495166, 0
4.58, 2.41646, 2.41525, 0.423443, 112, -0.415678, 0
4.6, 2.42005, 2.41934, 0.323574, 128, -360.331, 0
4.62, 2.42365, 2.42126, 0.323574, 96, -360.322, 0
4.64, 2.42727, 2.42689, 0.123837, 96, -0.393889, 0
4.66, 2.43091, 2.42855, 0.503337, 112, -0.450875, 0
4.68, 2.43455, 2.43289, 0.0239684, 96, -0.489522, 0
4.7, 2.43822, 2.4366, 0.62318, 96, -0.494568, 0
4.72, 2.44189, 2.43954, 0.123837, 144, -0.463923, 0
4.74, 2.44558, 2.44517, 0.483364, 96, -0.404435, 0
4.76, 2.44928, 2.44657, 0.3036, 96, -360.317, 0
4.78, 2.453, 2.45092, 0.243679, 112, -360.246, 0
4.8, 2.45673, 2.45526, 0.0639159, 96, -360.291, 0
4.82, 2.46048, 2.45872, 0.343548, 112, -360.297, 0
4.84, 2.46424, 2.46293, 0.523311, 112, -360.207, 0
4.86, 2.46801, 2.46664, 0.443416, 112, -360.249, 0
4.88, 2.4718, 2.46907, 0.363521, 112, -360.279, 0
4.9, 2.4756, 2.47431, 0.223706, 112, -360.215, 0
4.92, 2.47941, 2.47712, 0.00399474, 128, -360.307, 0
4.94, 2.48324, 2.48236, 0.163784, 112, -360.363, 0
4.96, 2.48708, 2.48377, 0.3036, 128, -360.248, 0
4.98, 2.49094, 2.48965, 0.0639159, 96, -360.233, 0
5, 2.49481, 2.49234, 0.263653, 112, -0.390785, 0
5.02, 2.49869, 2.49694, 0.3036, 112, -0.404005, 0
5.04, 2.50259, 2.50077, 0.223706, 112, -360.282, 0
5.06, 2.5065, 2.50422, 0.223706, 144, -0.402039, 0
5.08, 2.51042, 2.5087, 0.223706, 128, -0.519302, 0
5.1, 2.51435, 2.51279, 0.663127, 112, -360.344, 0
5.12, 2.5183, 2.51637, 0.143811, 128, -360.297, 0
5.14, 2.52227, 2.51982, 0.263653, 112, -0.432382, 0
5.16, 2.52624, 2.52455, 0.363521, 112, -360.356, 0
5.18, 2.53023, 2.52787, 0.163784, 128, -360.243, 0
5.2, 2.53423, 2.53362, 0.363521, 96, -360.355, 0
5.22, 2.53825, 2.53516, 0.3036, 96, -0.445672, 0
5.24, 2.54228, 2.54142, 0.403469, 112, -0.391224, 0
5.26, 2.54632, 2.54334, 0.183758, 128, -360.344, 0
5.28, 2.55037, 2.54858, 0.283627, 128, -360.373, 0
5.3, 2.55444, 2.55267, 0.243679, 112, -360.355, 0
5.32, 2.55852, 2.55536, 0.163784, 112, -360.221, 0
5.34, 2.56261, 2.5606, 0.0639159, 112, -360.313, 0
5.36, 2.56672, 2.5629, 0.3036, 128, -0.43355, 0
5.38, 2.57084, 2.57159, 0.363521, 112, -360.35, 0
5.4, 2.57497, 2.57249, 0.103863, 96, -360.298, 0
5.42, 2.57911, 2.57696, 0.3036, 112, -360.265, 0
5.44, 2.58327, 2.58041, 0.62318, 112, -360.342, 0
5.46, 2.58744, 2.58501, 0.0239684, 112, -360.289, 0
5.48, 2.59162, 2.58974, 0.543285, 112, -360.205, 0
5.5, 2.59582, 2.59345, 0.163784, 112, -360.273, 0
5.52, 2.60002, 2.59729, 0.423443, 96, -360.291, 0
5.54, 2.60424, 2.60227, 0.3036, 96, -360.373, 0
5.56, 2.60847, 2.60585, 0.423443, 128, -360.354, 0
5.58, 2.61271, 2.61058, 0.0439422, 128, -360.283, 0
5.6, 2.61697, 2.61569, 0.583232, 96, -0.393635, 0
5.62, 2.62124, 2.61825, 0.123837, 112, -360.382, 0
5.64, 2.62552, 2.62451, 0.263653, 144, -360.233, 0
5.66, 2.62981, 2.62694, 0.363521, 144, -360.254, 0
5.68, 2.63411, 2.63065, 0.143811, 144, -360.323, 0
5.7, 2.63843, 2.6373, 0.403469, 128, -360.324, 0
5.72, 2.64276, 2.63985, 0.363521, 128, -360.329, 0
5.74, 2.64709, 2.64458, 0.663127, 128, -360.321, 0
5.76, 2.65145, 2.64957, 0.0239684, 112, -360.319, 0
5.78, 2.65581, 2.65161, 0.383495, 144, -360.283, 0
5.8, 2.66018, 2.65864, 0.163784, 128, -360.313, 0
5.82, 2.66457, 2.66299, 0.283627, 144, -360.373, 0
5.84, 2.66896, 2.66529, 0.163784, 112, -360.299, 0
5.86, 2.67337, 2.6713, 0.143811, 96, -360.328, 0
5.88, 2.67779, 2.67654, 0.343548, 112, -0.440323, 0
5.9, 2.68222, 2.67884, 0.363521, 128, -360.328, 0
5.92, 2.68667, 2.6837, 0.403469, 112, -360.211, 0
5.94, 2.69112, 2.68958, 0.323574, 96, -360.294, 0
5.96, 2.69559, 2.69239, 0.523311, 112, -360.282, 0
5.98, 2.70006, 2.69661, 0.0439422, 112, -360.275, 0
6, 2.70455, 2.70428, 0.503337, 112, -0.391233, 0
6.02, 2.70905, 2.70581, 0.123837, 144, -360.344, 0
6.04, 2.71355, 2.71157, 0.782969, 112, -360.275, 0
6.06, 2.71807, 2.71579, 0.243679, 144, -360.362, 0
6.08, 2.7226, 2.71975, 0.243679, 112, -360.382, 0
6.1, 2.72715, 2.72499, 0.423443, 112, -360.314, 0
6.12, 2.7317, 2.72793, 0.363521, 128, -360.361, 0
6.14, 2.73626, 2.73381, 0.3036, 112, -0.527798, 0
6.16, 2.74083, 2.73892, 0.323574, 112, -0.492478, 0
6.18, 2.74541, 2.74212, 0.243679, 128, -360.319, 0
6.2, 2.75001, 2.7457, 0.183758, 112, -360.345, 0
6.22, 2.75461, 2.75273, 0.323574, 112, -360.357, 0
6.24, 2.75922, 2.75695, 0.283627, 128, -360.264, 0
6.26, 2.76385, 2.76142, 0.523311, 128, -360.259, 0
6.28, 2.76848, 2.765, 0.203732, 128, -360.332, 0
6.3, 2.77312, 2.77216, 0.483364, 112, -360.283, 0
6.32, 2.77778, 2.77433, 0.343548, 128, -360.266, 0
6.34, 2.78244, 2.78098, 0.403469, 96, -360.329, 0
6.36, 2.78711, 2.78277, -0.015979, 128, -360.26, 0
6.38, 2.79179, 2.79018, 0.243679, 128, -360.19, 0
6.4, 2.79648, 2.79351, 0.223706, 96, -360.212, 0
6.42, 2.80119, 2.79824, 0.263653, 112, -0.394117, 0
6.44, 2.8059, 2.80297, 0.46339, 112, -360.387, 0
6.46, 2.81062, 2.80782, 0.503337, 160, -360.209, 0
6.48, 2.81535, 2.81243, 0.0239684, 128, -360.287, 0
6.5, 2.82008, 2.81869, 0.663127, 112, -0.414373, 0
6.52, 2.82483, 2.82137, 0.163784, 128, -360.34, 0
6.54, 2.82959, 2.82534, 0.203732, 144, -360.273, 0
6.56, 2.83435, 2.83326, 0.0639159, 112, -0.456498, 0
6.58, 2.83913, 2.83531, 0.543285, 112, -0.440576, 0
6.6, 2.84391, 2.84004, 0.0639159, 128, -360.21, 0
6.62, 2.8487, 2.84707, 0.243679, 112, -360.303, 0
6.64, 2.8535, 2.8495, 0.343548, 144, -0.473314, 0
6.66, 2.85831, 2.85806, 0.0439422, 96, -360.358, 0
6.68, 2.86312, 2.85819, 0.0838896, 112, -360.259, 0
6.7, 2.86795, 2.86612, 0.723048, 112, -360.375, 0
6.72, 2.87278, 2.87008, 0.103863, 128, -0.409532, 0
6.74, 2.87762, 2.87494, 0.363521, 128, -360.306, 0
6.76, 2.88247, 2.87915, 0.203732, 112, -360.287, 0
6.78, 2.88733, 2.88465, 0.503337, 128, -360.337, 0
6.8, 2.89219, 2.88925, 0.283627, 128, -360.381, 0
6.82, 2.89707, 2.89385, 0.643153, 128, -360.315, 0
6.84, 2.90195, 2.89922, 0.243679, 128, -360.2, 0
6.86, 2.90684, 2.90255, 0.383495, 128, -360.322, 0
6.88, 2.91173, 2.90958, 0.123837, 128, -0.45254, 0
6.9, 2.91663, 2.91482, 0.203732, 144, -360.315, 0
6.92, 2.92154, 2.91699, 0.383495, 144, -360.257, 0
6.94, 2.92646, 2.9253, 0.00399474, 128, -0.433307, 0
6.96, 2.93138, 2.92722, 0.183758, 128, -0.418573, 0
6.98, 2.93631, 2.93323, 0.203732, 160, -360.225, 0
7, 2.94125, 2.93924, 0.343548, 128, -360.342, 0
7.02, 2.9462, 2.94294, 0.443416, 144, -0.420747, 0
7.04, 2.95115, 2.9478, 0.263653, 112, -360.271, 0
7.06, 2.9561, 2.9533, 0.46339, 96, -360.377, 0
7.08, 2.96107, 2.957, 0.483364, 128, -0.461058, 0
7.1, 2.96604, 2.96416, 0.103863, 128, -360.355, 0
7.12, 2.97102, 2.96749, 0.46339, 112, -360.319, 0
7.14, 2.976, 2.9726, 0.263653, 112, -360.349, 0
7.16, 2.98099, 2.97963, 0.283627, 112, -0.480184, 0
7.18, 2.98598, 2.98104, 0.183758, 144, -0.447168, 0
7.2, 2.99098, 2.99241, 0.323574, 112, -360.287, 0
7.22, 2.99599, 2.99254, 0.0838896, 112, -360.361, 0
7.24, 3.001, 2.99574, 0.243679, 160, -0.482502, 0
7.26, 3.00602, 3.00571, 0.0239684, 96, -0.491483, 0
7.28, 3.01104, 3.00609, 0.103863, 128, -0.399224, 0
7.3, 3.01607, 3.01466, 0.962733, 112, -0.412227, 0
7.32, 3.0211, 3.01824, 0.143811, 128, -0.46595, 0
7.34, 3.02614, 3.02181, 0.982706, 112, -360.354, 0
7.36, 3.03118, 3.02757, 0.183758, 144, -0.407969, 0
7.38, 3.03623, 3.03421, 0.663127, 96, -0.592276, 0
7.4, 3.04128, 3.03779, 0.0239684, 144, -0.52384, 0
7.42, 3.04634, 3.04418, 0.683101, 112, -0.439727, 0
7.44, 3.0514, 3.04764, 0.183758, 128, -0.447103, 0
7.46, 3.05646, 3.05505, 0.503337, 128, -360.356, 0
7.48, 3.06153, 3.05799, 0.0239684, 128, -360.37, 0
7.5, 3.06661, 3.06451, 1.00268, 112, -0.401622, 0
7.52, 3.07168, 3.06783, 0.143811, 112, -0.40669, 0
7.54, 3.07676, 3.0755, 0.603206, 144, -0.497506, 0
7.56, 3.08185, 3.0778, 0.143811, 128, -0.462808, 0
7.58, 3.08694, 3.0856, 0.383495, 144, -360.374, 0
7.6, 3.09203, 3.08752, 0.343548, 112, -0.408343, 0
7.62, 3.09713, 3.09532, 0.343548, 112, -0.434999, 0
7.64, 3.10222, 3.09762, 0.163784, 128, -360.355, 0
7.66, 3.10733, 3.10452, 0.0239684, 128, -0.443104, 0
7.68, 3.11243, 3.10874, 0.3036, 144, -0.540721, 0
7.7, 3.11754, 3.1136, 0.443416, 144, -360.339, 0
7.72, 3.12265, 3.11973, 0.323574, 128, -360.2, 0
7.74, 3.12776, 3.12434, 0.683101, 144, -360.278, 0
7.76, 3.13287, 3.13034, 0.223706, 160, -360.369, 0
7.78, 3.13799, 3.13354, 0.62318, 144, -360.289, 0
7.8, 3.14311, 3.14095, -0.0559264, 144, -360.253, 0
7.82, 3.14823, 3.14325, 0.563259, 144, -360.322, 0
7.84, 3.15336, 3.15169, 0.143811, 112, -360.287, 0
7.86, 3.15848, 3.1531, 0.143811, 144, -360.227, 0
7.88, 3.16361, 3.16192, 0.263653, 112, -360.213, 0
7.9, 3.16873, 3.16307, 0.283627, 112, -360.211, 0
7.92, 3.17386, 3.17393, 0.0239684, 112, -360.227, 0
7.94, 3.17899, 3.17419, 0.103863, 128, -360.318, 0
7.96, 3.18413, 3.18148, 0.363521, 128, -360.344, 0
7.98, 3.18926, 3.18608, 0.123837, 160, -360.33, 0
8, 3.19439, 3.19183, 0.523311, 144, -360.31, 0
8.02, 3.19952, 3.19452, 0.363521, 128, -360.211, 0
8.04, 3.20466, 3.20372, 0.3036, 128, -360.243, 0
8.06, 3.20979, 3.20551, 0.163784, 160, -360.252, 0
8.08, 3.21493, 3.21356, 0.343548, 112, -360.255, 0
8.1, 3.22006, 3.21484, 0.163784, 128, -0.404921, 0
8.12, 3.2252, 3.22404, 0.563259, 128, -360.385, 0
8.14, 3.23033, 3.22698, 0.143811, 144, -360.357, 0
8.16, 3.23547, 3.23286, 0.62318, 112, -360.358, 0
8.18, 3.2406, 3.23632, 0.0239684, 144, -360.267, 0
8.2, 3.24573, 3.24526, 0.62318, 128, -360.329, 0
8.22, 3.25086, 3.24744, 0.123837, 160, -360.352, 0
8.24, 3.25599, 3.25127, 0.503337, 128, -360.3, 0
8.26, 3.26112, 3.25843, 0.323574, 160, -0.454761, 0
8.28, 3.26625, 3.26086, 0.383495, 160, -0.528999, 0
8.3, 3.27138, 3.27121, -0.0559264, 128, -360.33, 0
8.32, 3.2765, 3.27147, 0.103863, 160, -360.286, 0
8.34, 3.28162, 3.28208, 0.563259, 128, -0.426168, 0
8.36, 3.28675, 3.28336, 0.123837, 144, -0.418632, 0
8.38, 3.29186, 3.28604, 0.743022, 144, -360.303, 0
8.4, 3.29698, 3.29422, -0.0759001, 160, -360.31, 0
8.42, 3.3021, 3.29678, 0.583232, 160, -0.506442, 0
8.44, 3.30721, 3.30522, 0.103863, 144, -0.462656, 0
8.46, 3.31232, 3.30688, 0.523311, 176, -360.259, 0
8.48, 3.31742, 3.31583, 0.46339, 160, -360.319, 0
8.5, 3.32252, 3.31941, 0.239684, 128, -360.372, 0
8.52, 3.32762, 3.32286, 0.802943, 144, -360.305, 0
8.54, 3.33272, 3.33129, 0.103863, 144, -360.309, 0
8.56, 3.33781, 3.33193, 0.263653, 128, -360.376, 0
8.58, 3.3429, 3.34242, 0.143811, 112, -360.346, 0
8.6, 3.34798, 3.34267, 0.103863, 144, -360.338, 0
8.62, 3.35307, 3.35047, 1.10255, 112, -360.362, 0
8.64, 3.35814, 3.35571, 0.0239684, 144, -360.248, 0
8.66, 3.36321, 3.35891, 0.443416, 144, -360.3, 0
8.68, 3.36828, 3.36453, 0.243679, 144, -0.501907, 0
8.7, 3.37334, 3.37054, 0.183758, 144, -0.418983, 0
8.72, 3.3784, 3.37795, 0.3036, 112, -360.329, 0
8.74, 3.38345, 3.37872, -0.0559264, 128, -0.407538, 0
8.76, 3.3885, 3.38524, 0.84289, 160, -360.355, 0
8.78, 3.39354, 3.39138, 0.0838896, 128, -0.41261, 0
8.8, 3.39857, 3.39342, 0.723048, 160, -0.430184, 0
8.82, 3.4036, 3.40045, 0.0639159, 160, -360.277, 0
8.84, 3.40863, 3.4048, 0.543285, 160, -360.333, 0
8.86, 3.41364, 3.41183, 0.563259, 160, -360.367, 0
8.88, 3.41866, 3.4149, 0.163784, 160, -360.269, 0
8.9, 3.42366, 3.41988, 0.443416, 176, -360.372, 0
8.92, 3.42866, 3.42857, 0.3036, 144, -0.451436, 0
8.94, 3.43365, 3.42947, 0.103863, 112, -360.296, 0
8.96, 3.43863, 3.43433, 0.543285, 128, -360.246, 0
8.98, 3.44361, 3.44059, 0.0639159, 160, -0.443116, 0
9, 3.44857, 3.44328, 0.603206, 160, -0.409971, 0
9.02, 3.45353, 3.45504, 0.0439422, 128, -360.211, 0
9.04, 3.45849, 3.45504, 0.0639159, 112, -360.288, 0
9.06, 3.46343, 3.45516, 0.0639159, 160, -0.44847, 0
9.08, 3.46837, 3.46807, 0.862864, 112, -0.522825, 0
9.1, 3.4733, 3.47063, -0.015979, 144, -360.386, 0
9.12, 3.47821, 3.47536, 0.743022, 144, -360.287, 0
9.14, 3.48312, 3.48022, 0.163784, 144, -360.333, 0
9.16, 3.48803, 3.48508, 0.942759, 160, -360.346, 0
9.18, 3.49292, 3.49083, 0.0239684, 144, -360.348, 0
9.2, 3.4978, 3.49198, 0.323574, 160, -0.428996, 0
9.22, 3.50267, 3.50336, 0.46339, 160, -0.428996, 0
9.24, 3.50753, 3.50438, -0.0559264, 160, -360.299, 0
9.26, 3.51239, 3.50809, 1.1425, 160, -360.254, 0
9.28, 3.51723, 3.51627, 0.0639159, 144, -360.386, 0
9.3, 3.52206, 3.5164, 0.0639159, 160, -0.480896, 0
9.32, 3.52688, 3.52585, 1.18244, 144, -360.219, 0
9.34, 3.53169, 3.52995, 0.00399474, 96, -360.152, 0
9.36, 3.53649, 3.5302, 0.0639159, 144, -360.29, 0
9.38, 3.54128, 3.54183, 0.802943, 96, -360.232, 0
9.4, 3.54606, 3.54362, 0.123837, 112, -360.193, 0
9.42, 3.55082, 3.54426, 0.283627, 160, -0.400741, 0
9.44, 3.55557, 3.55717, 0.0239684, 144, -0.495652, 0
9.46, 3.56031, 3.5573, -0.0559264, 144, -360.069, 0
9.48, 3.56504, 3.55922, 0.543285, 144, -359.853, 0
9.5, 3.56976, 3.5683, 0.0239684, 128, -360.075, 0
9.52, 3.57446, 3.5697, 0.323574, 160, -360.326, 0
9.54, 3.57915, 3.58044, 0.203732, 128, -360.378, 0
9.56, 3.58383, 3.58069, 0.103863, 176, -360.301, 0
9.58, 3.58849, 3.58427, 0.663127, 144, -360.346, 0
9.6, 3.59314, 3.59003, 0.0439422, 160, -360.383, 0
9.62, 3.59778, 3.59501, 0.902812, 144, -360.201, 0
9.64, 3.6024, 3.60332, 0.0838896, 144, -360.031, 0
9.66, 3.60701, 3.60332, 0.0639159, 112, -360.131, 0
9.68, 3.6116, 3.60358, 0.0639159, 160, -360.263, 0
9.7, 3.61618, 3.61636, 0.822917, 112, -0.44748, 0
9.72, 3.62074, 3.61841, 0.123837, 160, -0.475569, 0
9.74, 3.62529, 3.62096, 0.762996, 176, -360.179, 0
9.76, 3.62982, 3.62863, 0.0639159, 160, -359.965, 0
9.78, 3.63434, 3.6294, 0.283627, 160, -359.867, 0
9.8, 3.63884, 3.63847, 0.343548, 128, -360.118, 0
9.82, 3.64333, 3.63963, 0.123837, 144, -360.348, 0
9.84, 3.6478, 3.64461, 0.743022, 160, -360.197, 0
9.86, 3.65225, 3.65075, 0.0838896, 160, -360.287, 0
9.88, 3.65669, 3.65394, 0.603206, 160, -360.299, 0
9.9, 3.66111, 3.65842, 0.143811, 176, -360.23, 0
9.92, 3.66551, 3.66123, 0.762996, 176, -360.344, 0
9.94, 3.66989, 3.66877, 0.0639159, 160, -360.139, 0
9.96, 3.67426, 3.66941, 0.103863, 176, -359.971, 0
9.98, 3.67861, 3.67861, 0.203732, 160, -360.12, 0
10, 3.68294, 3.67913, 0.103863, 176, -360.219, 0
10.02, 3.68726, 3.68373, 1.0626, 192, -0.451315, 0
10.04, 3.69155, 3.69306, -0.0559264, 128, -0.603257, 0
10.06, 3.69583, 3.69319, 0.0838896, 112, -360.313, 0
10.08, 3.70008, 3.69331, 0.0639159, 176, -360.127, 0
10.1, 3.70432, 3.70354, 0.0439422, 160, -360.127, 0
10.12, 3.70854, 3.70482, 0.343548, 176, -360.126, 0
10.14, 3.71274, 3.71326, 0.00399474, 176, -0.403668, 0
10.16, 3.71692, 3.71338, 0.0838896, 192, -0.479573, 0
10.18, 3.72108, 3.72003, 0.862864, 144, -360.255, 0
10.2, 3.72521, 3.72566, 0.0239684, 112, -360.251, 0
10.22, 3.72933, 3.72566, 0.0639159, 160, -360.229, 0
10.24, 3.73343, 3.72642, 0.283627, 176, -360.24, 0
10.26, 3.7375, 3.73895, -0.0559264, 144, -360.372, 0
10.28, 3.74156, 3.73908, 0.103863, 160, -360.301, 0
10.3, 3.74559, 3.74176, 0.743022, 160, -360.216, 0
10.32, 3.7496, 3.74982, 0.103863, 144, -360.259, 0
10.34, 3.75359, 3.74994, 0.0838896, 160, -0.398362, 0
10.36, 3.75756, 3.75672, 0.503337, 128, -360.362, 0
10.38, 3.7615, 3.75864, 0.123837, 176, -360.143, 0
10.4, 3.76542, 3.76541, 0.663127, 144, -360.167, 0
10.42, 3.76932, 3.76989, 0.00399474, 160, -360.201, 0
10.44, 3.77319, 3.77001, 0.0639159, 144, -360.303, 0
10.46, 3.77705, 3.77104, 0.3036, 176, -0.435188, 0
10.48, 3.78087, 3.77998, 0.0239684, 160, -360.304, 0
10.5, 3.78468, 3.78062, 0.123837, 128, -360.229, 0
10.52, 3.78846, 3.78944, 0.0719053, 160, -0.393089, 0
10.54, 3.79221, 3.7897, 0.0838896, 160, -0.46179, 0
10.56, 3.79594, 3.79532, 0.62318, 144, -360.258, 0
10.58, 3.79965, 3.79852, 0.143811, 160, -360.261, 0
10.6, 3.80333, 3.80044, 0.523311, 144, -0.412181, 0
10.62, 3.80698, 3.80632, 0.0639159, 176, -360.358, 0
10.64, 3.81061, 3.8067, 0.0838896, 192, -360.27, 0
10.66, 3.81421, 3.81463, 0.323574, 160, -0.401088, 0
10.68, 3.81779, 3.81501, 0.0838896, 176, -0.463419, 0
10.7, 3.82134, 3.82, 0.902812, 144, -360.09, 0
10.72, 3.82486, 3.82626, 0.0239684, 144, -359.968, 0
10.74, 3.82836, 3.82626, 0.0639159, 144, -360.164, 0
10.76, 3.83183, 3.82639, 0.0639159, 176, -360.35, 0
10.78, 3.83527, 3.83457, 0.802943, 160, -0.515798, 0
10.8, 3.83868, 3.8393, 0.00399474, 144, -0.418848, 0
10.82, 3.84207, 3.83943, 0.0639159, 160, -360.371, 0
10.84, 3.84542, 3.84416, 0.723048, 160, -360.308, 0
10.86, 3.84875, 3.84889, 0.0239684, 160, -360.258, 0
10.88, 3.85205, 3.84901, 0.0639159, 160, -360.376, 0
10.9, 3.85532, 3.85425, 0.583232, 128, -360.323, 0
10.92, 3.85856, 3.85809, -0.015979, 176, -360.303, 0
10.94, 3.86178, 3.85847, 0.0838896, 160, -360.367, 0
10.96, 3.86496, 3.86525, 0.223706, 144, -0.471437, 0
10.98, 3.86811, 3.86614, 0.103863, 176, -0.459163, 0
11, 3.87123, 3.86844, 0.363521, 176, -360.164, 0
11.02, 3.87432, 3.87471, 0.103863, 144, -360.01, 0
11.04, 3.87738, 3.87573, 0.123837, 160, -360.15, 0
11.06, 3.88041, 3.88123, 0.183758, 144, -360.251, 0
11.08, 3.88341, 3.88161, -0.0759001, 176, -360.18, 0
11.1, 3.88638, 3.88378, 0.383495, 144, -360.194, 0
11.12, 3.88931, 3.88979, 0.0439422, 128, -0.398041, 0
11.14, 3.89221, 3.88992, 0.0639159, 112, -0.472907, 0
11.16, 3.89508, 3.89196, 0.563259, 160, -360.241, 0
11.18, 3.89792, 3.89874, 0.103863, 160, -360.166, 0
11.2, 3.90073, 3.89887, 0.0838896, 144, -360.226, 0
11.22, 3.9035, 3.9027, 0.84289, 144, -360.342, 0
11.24, 3.90623, 3.90679, -0.015979, 144, -0.512539, 0
11.26, 3.90894, 3.90692, 0.0639159, 144, -0.441763, 0
11.28, 3.91161, 3.90705, 0.223706, 176, -360.379, 0
11.3, 3.91424, 3.91651, 0.802943, 128, -360.233, 0
11.32, 3.91685, 3.91868, 0.123837, 112, -360.241, 0
11.34, 3.91941, 3.91868, 0.0639159, 112, -0.404631, 0
11.36, 3.92194, 3.91868, 0.0639159, 160, -360.165, 0
11.38, 3.92444, 3.91894, 0.0639159, 160, -360.098, 0
11.4, 3.9269, 3.92852, 0.62318, 160, -360.246, 0
11.42, 3.92933, 3.9307, 0.143811, 128, -360.244, 0
11.44, 3.93172, 3.9307, 0.0639159, 176, -360.217, 0
11.46, 3.93407, 3.9321, 0.323574, 176, -360.385, 0
11.48, 3.93639, 3.93671, 0.0239684, 144, -0.453915, 0
11.5, 3.93867, 3.93773, 0.103863, 176, -360.11, 0
11.52, 3.94091, 3.93939, 0.323574, 176, -360.074, 0
11.54, 3.94311, 3.9431, 0.203732, 176, -0.393022, 0
11.56, 3.94528, 3.94386, 0.0838896, 176, -360.364, 0
11.58, 3.94741, 3.9454, 0.343548, 192, -360.284, 0
11.6, 3.9495, 3.95422, -0.0559264, 144, -0.48189, 0
11.62, 3.95155, 3.95422, -0.0759001, 112, -0.526956, 0
11.64, 3.95357, 3.95396, 0.0439422, 64, -0.528296, 0
11.66, 3.95554, 3.95371, 0.0439422, 32, -0.427617, 0
11.68, 3.95748, 3.95358, 0.0439422, 32, -360.149, 0
11.7, 3.95938, 3.95358, 0.0639159, 96, -360.123, 0
11.72, 3.96123, 3.95422, 0.103863, 144, -360.214, 0
11.74, 3.96305, 3.96598, 0.822917, 128, -360.306, 0
11.76, 3.96483, 3.96777, 0.123837, 160, -360.375, 0
11.78, 3.96656, 3.96777, 0.0639159, 176, -0.526308, 0
11.8, 3.96826, 3.96777, 0.0639159, 176, -0.483348, 0
11.82, 3.96991, 3.96854, 0.263653, 192, -360.076, 0
11.84, 3.97153, 3.9725, 0.143811, 192, -360.032, 0
11.86, 3.9731, 3.9725, 0.0639159, 160, -360.17, 0
11.88, 3.97463, 3.97301, 0.0838896, 176, -360.347, 0
11.9, 3.97612, 3.97889, 0.163784, 144, -0.671755, 0
11.92, 3.97756, 3.97902, 0.0838896, 128, -0.607989, 0
11.94, 3.97897, 3.97902, 0.0639159, 144, -0.38923, 0
11.96, 3.98033, 3.97889, 0.0439422, 128, -360.205, 0
11.98, 3.98164, 3.97889, 0.203732, 128, -360.064, 0
12, 3.98292, 3.97902, 0.0639159, 176, -360.204, 0
12.02, 3.98415, 3.98349, 0.743022, 176, -360.25, 0
12.04, 3.98533, 3.99142, 0.0639159, 112, -360.269, 0
12.06, 3.98648, 3.99116, 0.0439422, 48, -0.432109, 0
12.08, 3.98757, 3.98784, -0.515322, 32, -0.547084, 0
12.1, 3.98863, 3.98221, 0.0639159, 48, -0.458642, 0
12.12, 3.98964, 3.98234, 0.0639159, 112, -360.168, 0
12.14, 3.9906, 3.98567, 0.46339, 144, -360.081, 0
12.16, 3.99152, 3.99449, 0.223706, 160, -360.107, 0
12.18, 3.99239, 3.99474, 0.0838896, 176, -360.096, 0
12.2, 3.99321, 3.99487, 0.0639159, 176, -360.23, 0
12.22, 3.99399, 3.99487, 0.0639159, 160, -0.460185, 0
12.24, 3.99473, 3.99487, 0.0639159, 112, -360.374, 0
12.26, 3.99542, 3.995, 0.0639159, 160, -360.045, 0
12.28, 3.99606, 3.995, 0.0639159, 160, -360.003, 0
12.3, 3.99665, 3.99525, 0.0639159, 192, -360.207, 0
12.32, 3.99719, 3.9987, -0.015979, 160, -360.316, 0
12.34, 3.99769, 3.99883, 0.0639159, 160, -360.279, 0
12.36, 3.99814, 3.99883, 0.0639159, 144, -0.4667, 0
12.38, 3.99854, 3.99883, 0.0639159, 144, -0.606742, 0
12.4, 3.9989, 3.99883, 0.0439422, 112, -0.523, 0
12.42, 3.9992, 3.9987, 0.0439422, 96, -0.389337, 0
12.44, 3.99946, 3.9987, 0.0639159, 112, -360.197, 0
12.46, 3.99967, 3.9987, 0.0639159, 112, -360.15, 0
12.48, 3.99982, 3.9987, 0.0639159, 144, -360.196, 0
12.5, 3.99993, 3.9987, 0.0639159, 160, -360.345, 0
12.52, 3.99999, 3.99883, 0.0639159, 144, -360.384, 0
12.54, 4, 3.99896, 0.0639159, 160, -360.288, 0
12.56, 3.99995, 4.00216, 0.443416, 176, -360.281, 0
12.58, 3.99986, 4.00318, 0.0838896, 128, -360.307, 0
12.6, 3.99972, 4.00305, 0.0439422, 112, -360.372, 0
12.62, 3.99952, 4.00292, -0.115847, 64, -360.277, 0
12.64, 3.99928, 3.99998, -0.495348, 32, -360.255, 0
12.66, 3.99898, 3.99449, 0.0838896, 48, -360.355, 0
12.68, 3.99863, 3.99436, 0.0439422, 64, -0.440249, 0
12.7, 3.99823, 3.99449, 0.0639159, 96, -0.527277, 0
12.72, 3.99777, 3.99513, 0.103863, 144, -360.301, 0
12.74, 3.99727, 3.99679, 0.163784, 160, -360.14, 0
12.76, 3.99671, 3.99781, 0.103863, 176, -360.171, 0
12.78, 3.9961, 3.99934, -0.0359527, 144, -360.189, 0
12.8, 3.99543, 3.99947, 0.0639159, 112, -360.318, 0
12.82, 3.99471, 3.99934, 0.0439422, 80, -0.434359, 0
12.84, 3.99394, 3.99819, -0.175769, 48, -0.642103, 0
12.86, 3.99312, 3.98809, -0.0559264, 32, -0.571977, 0
12.88, 3.99224, 3.98797, 0.0239684, 48, -360.188, 0
12.9, 3.9913, 3.98809, 0.0639159, 48, -360.128, 0
12.92, 3.99031, 3.98822, 0.0639159, 96, -360.193, 0
12.94, 3.98927, 3.98848, 0.0639159, 128, -360.233, 0
12.96, 3.98817, 3.98886, 0.0639159, 112, -0.442963, 0
12.98, 3.98702, 3.98912, 0.0639159, 112, -0.594895, 0
13, 3.98581, 3.98912, 0.0639159, 96, -360.352, 0
13.02, 3.98454, 3.98886, 0.0439422, 48, -360.044, 0
13.04, 3.98322, 3.98336, -0.854875, 48, -360.025, 0
13.06, 3.98185, 3.97761, 0.0838896, 64, -360.12, 0
13.08, 3.98041, 3.97761, 0.0439422, 96, -360.336, 0
13.1, 3.97892, 3.97774, 0.0639159, 64, -0.497446, 0
13.12, 3.97738, 3.97787, 0.0639159, 96, -360.38, 0
13.14, 3.97578, 3.97787, 0.0639159, 80, -360.259, 0
13.16, 3.97412, 3.97787, 0.0639159, 48, -360.169, 0
13.18, 3.9724, 3.97301, -0.635164, 32, -360.186, 0
13.2, 3.97062, 3.96866, 0.123837, 48, -360.322, 0
13.22, 3.96879, 3.96866, 0.0439422, 32, -360.307, 0
13.24, 3.9669, 3.96751, -0.0359527, 32, -360.303, 0
13.26, 3.96495, 3.96445, -0.0559264, 16, -360.326, 0
13.28, 3.96295, 3.96342, 0.00399474, 48, -360.29, 0
13.3, 3.96088, 3.96112, -0.0359527, 32, -360.328, 0
13.32, 3.95876, 3.95818, -0.115847, 32, -360.299, 0
13.34, 3.95658, 3.95716, 0.00399474, 32, -360.237, 0
13.36, 3.95434, 3.95435, -0.0958738, 32, -360.284, 0
13.38, 3.95204, 3.95281, 0.00399474, 32, -360.355, 0
13.4, 3.94968, 3.95038, -0.215716, 32, -0.411721, 0
13.42, 3.94726, 3.9477, -0.0359527, 32, -360.336, 0
13.44, 3.94478, 3.94463, -0.315585, 48, -360.336, 0
13.46, 3.94224, 3.94284, 0.00399474, 32, -360.179, 0
13.48, 3.93964, 3.94131, -0.0359527, 32, -360.129, 0
13.5, 3.93698, 3.93619, 0.0439422, 32, -360.235, 0
13.52, 3.93426, 3.93581, 0.0239684, 32, -360.233, 0
13.54, 3.93148, 3.93146, -0.375506, 32, -0.543743, 0
13.56, 3.92864, 3.92929, -0.015979, 32, -0.543743, 0
13.58, 3.92573, 3.92648, -0.155795, 32, -0.543743, 0
13.6, 3.92277, 3.92328, -0.0759001, 32, -0.525867, 0
13.62, 3.91975, 3.92124, -0.0559264, 32, -0.493092, 0
13.64, 3.91666, 3.91779, -0.0559264, 16, -0.493288, 0
13.66, 3.91351, 3.91306, -0.403469, 48, -0.454366, 0
13.68, 3.9103, 3.91127, -0.015979, 16, -0.389874, 0
13.7, 3.90703, 3.90794, -0.315585, 32, -360.365, 0
13.72, 3.9037, 3.90398, 0.0639159, 48, -360.372, 0
13.74, 3.9003, 3.9013, -0.295611, 32, -0.427251, 0
13.76, 3.89684, 3.89785, -0.23569, 48, -0.474761, 0
13.78, 3.89332, 3.89491, -0.0759001, 32, -0.463016, 0
13.8, 3.88974, 3.89107, -0.0759001, 48, -0.490807, 0
13.82, 3.88609, 3.8866, -0.595216, 48, -0.501417, 0
13.84, 3.88238, 3.88391, -0.175769, 48, -0.416245, 0
13.86, 3.87861, 3.8811, -0.455401, 32, -360.353, 0
13.88, 3.87477, 3.87509, 0.0439422, 16, -360.289, 0
13.9, 3.87087, 3.87317, -0.23569, 32, -360.32, 0
13.92, 3.86691, 3.86857, 0.0639159, 16, -0.394357, 0
13.94, 3.86288, 3.86384, -0.175769, 32, -360.343, 0
13.96, 3.85879, 3.86077, -0.315585, 32, -360.295, 0
13.98, 3.85464, 3.8563, -0.115847, 48, -360.219, 0
14, 3.85042, 3.85195, -0.155795, 16, -360.268, 0
14.02, 3.84614, 3.8485, -0.0958738, 0, -0.446382, 0
14.04, 3.84179, 3.84275, -0.0359527, 48, -0.518545, 0
14.06, 3.83738, 3.8407, -0.595216, 48, -0.524546, 0
14.08, 3.83291, 3.83431, 0.0239684, 32, -0.516228, 0
14.1, 3.82837, 3.82933, -0.315585, 32, -0.479256, 0
14.12, 3.82377, 3.82626, -0.315585, 32, -0.398933, 0
14.14, 3.8191, 3.8214, -0.135821, 32, -360.367, 0
14.16, 3.81436, 3.81629, -0.255663, 32, -0.398026, 0
14.18, 3.80956, 3.81207, -0.335558, 48, -0.490306, 0
14.2, 3.8047, 3.80632, -0.0759001, 16, -0.550224, 0
14.22, 3.79977, 3.80184, -0.575243, 32, -0.437711, 0
14.24, 3.79478, 3.79788, -0.0559264, 32, -0.430692, 0
14.26, 3.78972, 3.792, -0.195742, 32, -0.471775, 0
14.28, 3.78459, 3.78727, -0.23569, 0, -360.361, 0
14.3, 3.7794, 3.7819, -0.195742, 16, -360.328, 0
14.32, 3.77415, 3.77768, -0.155795, 32, -360.38, 0
14.34, 3.76883, 3.77129, -0.255663, 32, -0.459539, 0
14.36, 3.76344, 3.76695, -0.275637, 16, -0.510504, 0
14.38, 3.75799, 3.76068, -0.275637, 48, -0.460977, 0
14.4, 3.75247, 3.75493, -0.0759001, 16, -0.456414, 0
14.42, 3.74689, 3.74969, -0.0759001, 16, -0.478241, 0
14.44, 3.74124, 3.74394, -0.455401, 16, -0.427623, 0
14.46, 3.73552, 3.73972, -0.315585, 32, -0.430626, 0
14.48, 3.72974, 3.73294, -0.255663, 16, -0.443247, 0
14.5, 3.72389, 3.72796, -0.175769, 16, -0.479436, 0
14.52, 3.71797, 3.72041, -0.215716, 16, -0.550144, 0
14.54, 3.71199, 3.71556, -0.215716, 48, -0.467799, 0
14.56, 3.70595, 3.70993, -0.575243, 48, -0.452192, 0
14.58, 3.69983, 3.70316, -0.655138, 32, -0.500856, 0
14.6, 3.69366, 3.69766, -0.175769, 16, -0.421624, 0
14.62, 3.68741, 3.69076, -0.355532, 16, -360.332, 0
14.64, 3.6811, 3.68667, -0.175769, 16, -360.238, 0
14.66, 3.67472, 3.67746, -0.555269, 32, -360.359, 0
14.68, 3.66828, 3.67312, -0.535295, 32, -0.497384, 0
14.7, 3.66177, 3.66596, -0.0359527, 16, -0.442417, 0
14.72, 3.65519, 3.65957, -0.295611, 32, -0.410778, 0
14.74, 3.64855, 3.65407, -0.215716, 0, -0.417763, 0
14.76, 3.64184, 3.64653, -0.0958738, 32, -360.388, 0
14.78, 3.63506, 3.64039, -0.395479, 32, -360.336, 0
14.8, 3.62822, 3.63323, -0.275637, 32, -0.476464, 0
14.82, 3.62131, 3.62684, -0.275637, 16, -0.523878, 0
14.84, 3.61433, 3.61828, -0.215716, 48, -0.433946, 0
14.86, 3.60729, 3.61342, -0.355532, 0, -0.480241, 0
14.88, 3.60018, 3.60562, -0.0559264, -16, -0.449391, 0
14.9, 3.59301, 3.59795, -0.355532, 48, -360.36, 0
14.92, 3.58577, 3.59182, -0.275637, 32, -360.343, 0
14.94, 3.57846, 3.583, 0.123837, 32, -0.400275, 0
14.96, 3.57109, 3.57635, -0.415453, 16, -360.379, 0
14.98, 3.56365, 3.56906, -0.295611, 16, -360.369, 0
15, 3.55615, 3.56254, -0.475374, 16, -0.49032, 0
15.02, 3.54858, 3.55436, -0.295611, 32, -0.43175, 0
15.04, 3.54094, 3.54656, -0.155795, 32, -360.32, 0
15.06, 3.53324, 3.53941, -0.575243, 32, -0.424688, 0
15.08, 3.52547, 3.53135, -0.315585, 48, -0.491174, 0
15.1, 3.51763, 3.52445, -0.575243, 16, -360.385, 0
15.12, 3.50973, 3.51665, -0.0958738, 16, -0.451977, 0
15.14, 3.50176, 3.50885, -0.135821, 16, -0.545055, 0
15.16, 3.49373, 3.50003, -0.435427, 0, -0.439716, 0
15.18, 3.48563, 3.49262, -0.275637, 16, -0.450381, 0
15.2, 3.47747, 3.48457, -0.415453, 0, -0.468442, 0
15.22, 3.46924, 3.47587, -0.375506, 32, -360.374, 0
15.24, 3.46095, 3.46884, -0.375506, 0, -360.373, 0
15.26, 3.45259, 3.45989, -0.535295, 16, -0.44374, 0
15.28, 3.44417, 3.45197, -0.315585, 16, -0.474484, 0
15.3, 3.43568, 3.44328, -0.515322, 16, -0.500306, 0
15.32, 3.42712, 3.43446, -0.435427, 16, -0.532521, 0
15.34, 3.4185, 3.42819, -0.395479, 16, -0.464081, 0
15.36, 3.40982, 3.41784, -0.195742, 16, -0.412786, 0
15.38, 3.40107, 3.40838, -0.535295, 32, -0.520281, 0
15.4, 3.39226, 3.40211, -0.355532, 16, -0.503981, 0
15.42, 3.38338, 3.3915, -0.195742, 16, -0.485183, 0
15.44, 3.37444, 3.38115, -0.755006, 32, -0.558229, 0
15.46, 3.36544, 3.37642, -0.515322, 32, -0.495875, 0
15.48, 3.35637, 3.36594, -0.295611, -16, -0.458499, 0
15.5, 3.34724, 3.35648, -0.435427, 16, -0.477912, 0
15.52, 3.33804, 3.34689, -0.255663, 32, -0.486033, 0
15.54, 3.32878, 3.33833, -0.415453, 32, -0.46548, 0
15.56, 3.31946, 3.33002, -0.315585, 32, -0.444756, 0
15.58, 3.31007, 3.31774, -0.295611, 32, -0.450944, 0
15.6, 3.30062, 3.31059, -0.575243, 16, -0.45118, 0
15.62, 3.29111, 3.30253, -0.295611, 0, -0.452275, 0
15.64, 3.28153, 3.29128, -0.435427, 16, -0.455752, 0
15.66, 3.2719, 3.28374, -0.255663, 16, -0.472481, 0
15.68, 3.2622, 3.27083, -0.595216, 16, -0.496388, 0
15.7, 3.25244, 3.26393, -0.874848, 16, -0.490682, 0
15.72, 3.24261, 3.25345, -0.0958738, 16, -0.489977, 0
15.74, 3.23273, 3.2422, -0.435427, 32, -0.49588, 0
15.76, 3.22278, 3.23325, -0.415453, 32, -0.525928, 0
15.78, 3.21277, 3.22494, -0.355532, 0, -0.507916, 0
15.8, 3.2027, 3.21216, -0.255663, 32, -0.502256, 0
15.82, 3.19258, 3.20474, -0.61519, 16, -0.539585, 0
15.84, 3.18239, 3.19426, -0.375506, 48, -0.48045, 0
15.86, 3.17213, 3.1825, -0.395479, 32, -0.468039, 0
15.88, 3.16182, 3.17381, -0.814927, 32, -0.485478, 0
15.9, 3.15145, 3.16435, -0.695085, 16, -0.492377, 0
15.92, 3.14102, 3.15348, -0.195742, 0, -0.445094, 0
15.94, 3.13053, 3.14274, -0.834901, 32, -360.349, 0
15.96, 3.11998, 3.13354, -0.0759001, 16, -360.363, 0
15.98, 3.10938, 3.12076, -0.954743, 32, -360.371, 0
16, 3.09871, 3.1127, -0.295611, 32, -360.373, 0
16.02, 3.08799, 3.09979, -0.255663, 0, -0.394146, 0
16.04, 3.0772, 3.08957, -0.375506, 16, -0.430716, 0
16.06, 3.06636, 3.08049, -0.555269, 0, -0.453723, 0
16.08, 3.05546, 3.0686, -0.475374, 32, -0.433237, 0
16.1, 3.04451, 3.05761, -0.495348, 16, -0.51027, 0
16.12, 3.0335, 3.04815, -0.415453, 16, -0.482068, 0
16.14, 3.02243, 3.03639, -0.295611, 0, -360.373, 0
16.16, 3.0113, 3.02527, -0.535295, 32, -360.375, 0
16.18, 3.00012, 3.01427, -0.335558, 32, -0.398537, 0
16.2, 2.98888, 3.002, -0.375506, 16, -360.362, 0
16.22, 2.97759, 2.9919, -0.735032, 32, -0.3946, 0
16.24, 2.96624, 2.98129, -0.575243, 32, -0.58199, 0
16.26, 2.95484, 2.96915, -0.355532, 0, -0.640058, 0
16.28, 2.94338, 2.95815, -0.575243, 32, -0.516539, 0
16.3, 2.93187, 2.94729, -0.814927, 32, -0.544748, 0
16.32, 2.92031, 2.93514, -0.475374, 16, -0.557834, 0
16.34, 2.90869, 2.92453, -0.255663, 0, -0.440719, 0
16.36, 2.89702, 2.91124, -0.61519, 16, -0.466082, 0
16.38, 2.88529, 2.90101, -0.495348, 0, -0.537305, 0
16.4, 2.87352, 2.88964, -0.515322, 16, -0.505367, 0
16.42, 2.86169, 2.87698, -0.77498, 0, -0.455497, 0
16.44, 2.84981, 2.86663, -0.255663, 32, -0.450507, 0
16.46, 2.83788, 2.85282, -0.515322, 16, -0.401395, 0
16.48, 2.8259, 2.84298, -0.854875, 0, -360.386, 0
16.5, 2.81386, 2.83007, -0.515322, 16, -0.453917, 0
16.52, 2.80178, 2.81792, -0.755006, 16, -0.519119, 0
16.54, 2.78965, 2.80693, -0.655138, 16, -0.533362, 0
16.56, 2.77747, 2.793, -0.295611, 32, -0.502505, 0
16.58, 2.76524, 2.78098, -0.735032, 16, -0.45616, 0
16.6, 2.75296, 2.77088, -0.635164, 16, -0.456337, 0
16.62, 2.74063, 2.75707, -0.61519, 32, -0.493166, 0
16.64, 2.72826, 2.74595, -0.695085, 32, -0.459884, 0
16.66, 2.71583, 2.73407, -0.695085, 16, -0.523982, 0
16.68, 2.70337, 2.72064, -0.195742, 0, -0.57706, 0
16.7, 2.69085, 2.70837, -0.61519, 32, -0.466194, 0
16.72, 2.67829, 2.69712, -0.495348, 32, -0.432972, 0
16.74, 2.66569, 2.6828, -0.874848, 32, -0.407222, 0
16.76, 2.65303, 2.67232, -0.455401, 0, -360.343, 0
16.78, 2.64034, 2.6589, -0.335558, -16, -360.358, 0
16.8, 2.6276, 2.64599, -0.814927, 0, -0.507139, 0
16.82, 2.61482, 2.63474, -0.635164, 32, -0.463746, 0
16.84, 2.60199, 2.62145, -0.495348, 16, -360.335, 0
16.86, 2.58912, 2.60764, -0.675111, 16, -360.378, 0
16.88, 2.57621, 2.59562, -0.535295, 0, -0.4136, 0
16.9, 2.56326, 2.58195, -0.61519, 32, -0.443671, 0
16.92, 2.55027, 2.56929, -0.61519, 16, -0.437299, 0
16.94, 2.53723, 2.55587, -0.635164, 0, -0.515151, 0
16.96, 2.52416, 2.54347, -0.61519, 16, -0.523615, 0
16.98, 2.51105, 2.52992, -0.595216, 32, -0.494633, 0
17, 2.49789, 2.51752, -0.655138, 0, -0.573927, 0
17.02, 2.4847, 2.50448, -0.755006, 32, -0.509026, 0
17.04, 2.47147, 2.49285, -0.495348, 0, -0.446457, 0
17.06, 2.45821, 2.47738, -0.295611, 16, -0.479389, 0
17.08, 2.4449, 2.46549, -0.814927, 0, -0.513987, 0
17.1, 2.43156, 2.45271, -0.535295, 16, -0.461233, 0
17.12, 2.41819, 2.4389, -0.954743, 32, -360.361, 0
17.14, 2.40478, 2.42522, -0.395479, 16, -0.492907, 0
17.16, 2.39133, 2.41116, -0.914796, 32, -0.556506, 0
17.18, 2.37785, 2.39915, -0.854875, 16, -0.530845, 0
17.2, 2.36434, 2.38496, -0.77498, 0, -0.558414, 0
17.22, 2.35079, 2.37268, -0.695085, 16, -0.465654, 0
17.24, 2.33721, 2.35786, -0.715059, 32, -0.439433, 0
17.26, 2.3236, 2.34622, -0.455401, -16, -0.471493, 0
17.28, 2.30996, 2.33076, -0.335558, 0, -0.512774, 0
17.3, 2.29629, 2.31733, -0.515322, 0, -0.444446, 0
17.32, 2.28259, 2.30442, -0.834901, 16, -360.336, 0
17.34, 2.26886, 2.291, -0.455401, 0, -360.33, 0
17.36, 2.2551, 2.27553, -0.535295, 32, -360.372, 0
17.38, 2.24131, 2.26326, -0.675111, 16, -0.426357, 0
17.4, 2.22749, 2.24869, -0.535295, 0, -0.439677, 0
17.42, 2.21365, 2.23514, -0.735032, 16, -0.537288, 0
17.44, 2.19978, 2.22184, -0.655138, 16, -0.537017, 0
17.46, 2.18588, 2.20804, -1.05461, 0, -0.512932, 0
17.48, 2.17196, 2.19513, -0.535295, 16, -0.494667, 0
17.5, 2.15802, 2.18055, -0.375506, 16, -0.440083, 0
17.52, 2.14405, 2.16636, -0.495348, 0, -0.445448, 0
17.54, 2.13006, 2.15281, -0.834901, 0, -0.422917, 0
17.56, 2.11605, 2.13837, -0.655138, 16, -0.439119, 0
17.58, 2.10201, 2.12507, -0.655138, 0, -0.503537, 0
17.6, 2.08796, 2.11114, -0.814927, 0, -0.434669, 0
17.62, 2.07388, 2.09734, -0.275637, 0, -360.339, 0
17.64, 2.05978, 2.08225, -0.695085, 0, -0.422243, 0
17.66, 2.04567, 2.0696, -0.914796, 16, -360.366, 0
17.68, 2.03154, 2.05528, -0.515322, -16, -360.288, 0
17.7, 2.01739, 2.04019, -0.715059, -16, -0.442338, 0
17.72, 2.00322, 2.02664, -0.61519, 16, -0.42971, 0
17.74, 1.98903, 2.01105, -0.635164, -16, -360.309, 0
17.76, 1.97483, 1.99865, -0.77498, -16, -360.387, 0
17.78, 1.96062, 1.98472, -0.395479, 0, -360.34, 0
17.8, 1.94639, 1.96912, -0.755006, 0, -360.323, 0
17.82, 1.93215, 1.95698, -0.675111, -16, -0.539254, 0
17.84, 1.9179, 1.94023, -0.555269, 0, -0.461342, 0
17.86, 1.90363, 1.92694, -0.854875, 16, -360.385, 0
17.88, 1.88935, 1.91287, -0.635164, 0, -0.506306, 0
17.9, 1.87507, 1.89932, -0.455401, -16, -0.45972, 0
17.92, 1.86077, 1.88373, -0.595216, 0, -0.456466, 0
17.94, 1.84646, 1.86967, -0.715059, 16, -0.485088, 0
17.96, 1.83215, 1.85522, -0.914796, 16, -0.535702, 0
17.98, 1.81783, 1.84308, -0.675111, -16, -2.28786, 0
18, 1.8035, 1.82761, -0.475374, 0, -5.50036, 0
18.02, 1.78917, 1.81214, -0.794954, -16, -7.73615, 0
18.04, 1.77483, 1.79846, -0.994691, -16, -7.64214, 0
18.06, 1.76049, 1.78543, -0.675111, 0, -4.71348, 0
18.08, 1.74614, 1.7697, -0.515322, -16, -0.685566, 0
18.1, 1.7318, 1.75539, -0.854875, -16, -358.111, 0
18.12, 1.71745, 1.74132, -0.575243, -16, -357.788, 0
18.14, 1.70309, 1.72701, -0.655138, -16, -359.612, 0
18.16, 1.68874, 1.71256, -0.675111, 0, -2.22167, 0
18.18, 1.67439, 1.69812, -0.475374, 32, -3.71276, 0
18.2, 1.66004, 1.68342, -0.914796, 16, -3.79895, 0
18.22, 1.6457, 1.66935, -0.435427, -16, -2.66148, 0
18.24, 1.63135, 1.65542, -0.655138, 0, -0.460528, 0
18.26, 1.61701, 1.64136, -0.77498, -16, -358.759, 0
18.28, 1.60268, 1.62666, -0.475374, 0, -358.69, 0
18.3, 1.58835, 1.61183, -0.675111, 0, -359.93, 0
18.32, 1.57403, 1.5979, -0.655138, -16, -1.57249, 0
18.34, 1.55971, 1.58243, -0.77498, 16, -2.43257, 0
18.36, 1.5454, 1.56888, -1.01466, 16, -2.25382, 0
18.38, 1.5311, 1.55546, -0.61519, 0, -1.34236, 0
18.4, 1.51681, 1.54037, -0.695085, -16, -360.105, 0
18.42, 1.50254, 1.52503, -0.595216, 16, -359.407, 0
18.44, 1.48827, 1.51238, -0.655138, 0, -359.619, 0
18.46, 1.47401, 1.49768, -0.814927, 0, -0.456865, 0
18.48, 1.45977, 1.484, -0.515322, -16, -1.45851, 0
18.5, 1.44554, 1.46879, -0.715059, 0, -1.79678, 0
18.52, 1.43133, 1.45473, -0.655138, -16, -1.47828, 0
18.54, 1.41714, 1.4399, -0.715059, 16, -0.855634, 0
18.56, 1.40296, 1.42686, -0.994691, -16, -360.104, 0
18.58, 1.38879, 1.41292, -0.535295, -16, -359.922, 0
18.6, 1.37465, 1.39873, -0.395479, 0, -360.291, 0
18.62, 1.36053, 1.38365, -0.834901, 32, -0.771247, 0
18.64, 1.34642, 1.36844, -0.395479, -16, -1.31668, 0
18.66, 1.33234, 1.35527, -1.03464, -16, -1.42583, 0
18.68, 1.31828, 1.34134, -0.715059, -16, -1.04817, 0
18.7, 1.30424, 1.3274, -0.695085, -16, -0.664787, 0
18.72, 1.29023, 1.31245, -0.715059, 0, -360.332, 0
18.74, 1.27624, 1.29992, -0.954743, -16, -360.236, 0
18.76, 1.26228, 1.2856, -0.595216, -16, -0.498588, 0
18.78, 1.24834, 1.27141, -0.794954, 0, -0.825729, 0
18.8, 1.23443, 1.25786, -0.195742, -16, -1.04122, 0
18.82, 1.22055, 1.24367, -0.215716, -16, -1.09352, 0
18.84, 1.2067, 1.23038, -0.555269, -32, -0.960787, 0
18.86, 1.19288, 1.21606, -0.575243, -32, -0.724051, 0
18.88, 1.17909, 1.20162, -0.61519, -16, -0.607463, 0
18.9, 1.16534, 1.18756, -0.635164, 0, -0.672294, 0
18.92, 1.15161, 1.17439, -0.655138, 16, -0.739605, 0
18.94, 1.13792, 1.16058, -0.61519, -16, -0.794648, 0
18.96, 1.12427, 1.14627, -0.794954, 0, -0.945811, 0
18.98, 1.11065, 1.13284, -0.77498, -16, -1.07581, 0
19, 1.09707, 1.11955, -0.994691, -16, -1.02036, 0
19.02, 1.08352, 1.10549, -0.61519, 0, -0.800671, 0
19.04, 1.07002, 1.09194, -0.974717, -16, -0.587094, 0
19.06, 1.05655, 1.07877, -0.375506, 16, -0.50902, 0
19.08, 1.04313, 1.06471, -0.794954, 0, -0.595906, 0
19.1, 1.02975, 1.05116, -0.435427, -16, -0.773379, 0
19.12, 1.01641, 1.03761, -0.814927, 16, -0.915618, 0
19.14, 1.00311, 1.02419, -1.11453, -32, -0.994724, 0
19.16, 0.98986, 1.01064, -0.595216, -16, -0.947008, 0
19.18, 0.976653, 0.997727, -0.814927, 0, -0.805584, 0
19.2, 0.963493, 0.984304, -0.77498, 0, -0.678892, 0
19.22, 0.950381, 0.971521, -0.535295, 0, -0.726883, 0
19.24, 0.937317, 0.957843, -0.355532, -16, -0.814452, 0
19.26, 0.924302, 0.943782, -0.475374, 0, -0.80701, 0
19.28, 0.911338, 0.930871, -0.455401, -16, -0.908016, 0
19.3, 0.898425, 0.918088, -0.415453, 0, -0.970117, 0
19.32, 0.885565, 0.90556, -0.515322, 0, -0.90881, 0
19.34, 0.872757, 0.891371, -0.515322, 16, -0.83243, 0
19.36, 0.860004, 0.880249, -0.755006, 16, -0.731333, 0
19.38, 0.847306, 0.866188, -0.435427, -16, -0.800714, 0
19.4, 0.834665, 0.853149, -0.595216, 0, -0.920926, 0
19.42, 0.82208, 0.840877, -0.755006, 0, -0.879117, 0
19.44, 0.809554, 0.827838, -0.794954, -16, -0.827666, 0
19.46, 0.797086, 0.815694, -0.735032, 0, -0.727874, 0
19.48, 0.784679, 0.803039, -0.77498, -16, -0.777079, 0
19.5, 0.772333, 0.790895, -0.515322, -16, -0.916633, 0
19.52, 0.760049, 0.777473, -0.435427, 16, -0.855208, 0
19.54, 0.747828, 0.765584, -0.595216, -16, -0.796047, 0
19.56, 0.735671, 0.752929, -0.77498, 0, -0.785423, 0
19.58, 0.723579, 0.741041, -0.695085, -16, -0.815686, 0
19.6, 0.711553, 0.72928, -0.475374, -16, -0.82109, 0
19.62, 0.699594, 0.715858, -0.61519, -32, -0.86771, 0
19.64, 0.687703, 0.704481, -0.715059, -16, -0.920877, 0
19.66, 0.675881, 0.693487, -0.854875, -16, -0.785669, 0
19.68, 0.664129, 0.680576, -0.195742, 16, -0.800036, 0
19.7, 0.652448, 0.667921, -0.974717, 16, -0.795805, 0
19.72, 0.640838, 0.65795, -0.435427, -16, -0.765613, 0
19.74, 0.629301, 0.645934, -0.415453, -32, -0.828668, 0
19.76, 0.617838, 0.634557, -0.215716, -16, -0.808975, 0
19.78, 0.60645, 0.620879, -0.475374, -16, -0.847119, 0
19.8, 0.595138, 0.610013, -0.515322, -16, -0.820426, 0
19.82, 0.583902, 0.598892, -0.355532, 0, -0.854318, 0
19.84, 0.572744, 0.587131, -0.535295, 0, -0.889259, 0
19.86, 0.561665, 0.575371, -0.255663, 0, -0.833054, 0
19.88, 0.550666, 0.565016, -0.295611, -32, -0.803017, 0
19.9, 0.539747, 0.553384, -0.175769, -16, -0.768509, 0
19.92, 0.528909, 0.543029, -0.475374, 32, -0.785005, 0
19.94, 0.518154, 0.53178, -0.475374, 0, -0.784314, 0
19.96, 0.507483, 0.520914, -0.275637, 0, -0.807295, 0
19.98, 0.496896, 0.510049, -0.555269, 16, -0.849729, 0
20, 0.486395, 0.499694, -0.275637, 0, -0.816155, 0
20.02, 0.47598, 0.488829, -0.315585, -32, -0.787687, 0
20.04, 0.465653, 0.478986, -0.375506, -16, -0.780901, 0
20.06, 0.455413, 0.467353, -0.335558, 16, -0.773422, 0
20.08, 0.445263, 0.45751, -0.635164, -16, -0.792777, 0
20.1, 0.435204, 0.447539, -0.555269, -16, -0.786442, 0
20.12, 0.425235, 0.436545, -0.295611, 16, -0.776283, 0
20.14, 0.415359, 0.426702, -0.295611, 16, -0.782592, 0
20.16, 0.405575, 0.416859, -0.275637, 0, -0.800079, 0
20.18, 0.395886, 0.405866, -0.395479, -32, -0.830314, 0
20.2, 0.386292, 0.396662, -0.655138, -16, -0.83716, 0
20.22, 0.376793, 0.386691, -0.735032, 0, -0.841824, 0
20.24, 0.367392, 0.377487, -0.475374, -32, -0.842286, 0
20.26, 0.358088, 0.368922, -0.355532, -16, -0.846206, 0
20.28, 0.348883, 0.358185, -0.495348, -48, -0.856031, 0
20.3, 0.339777, 0.349492, -0.395479, 0, -0.866362, 0
20.32, 0.330772, 0.340288, -0.0559264, 0, -0.888107, 0
20.34, 0.321869, 0.330829, -0.635164, 0, -0.901124, 0
20.36, 0.313068, 0.321497, -0.435427, -16, -0.894639, 0
20.38, 0.30437, 0.312676, -0.61519, -16, -0.86802, 0
20.4, 0.295776, 0.303856, -0.475374, -32, -0.837846, 0
20.42, 0.287288, 0.295547, -0.215716, -16, -0.81532, 0
20.44, 0.278905, 0.286854, -0.315585, 0, -0.815531, 0
20.46, 0.27063, 0.277651, -0.655138, 16, -0.834489, 0
20.48, 0.262462, 0.271131, -0.595216, 0, -0.853232, 0
20.5, 0.254403, 0.262055, -0.355532, 0, -0.861841, 0
20.52, 0.246453, 0.254002, -0.315585, -16, -0.849897, 0
20.54, 0.238614, 0.245948, -0.295611, 0, -0.840192, 0
20.56, 0.230886, 0.237767, -0.535295, 0, -0.817227, 0
20.58, 0.22327, 0.229714, -0.515322, 16, -0.799567, 0
20.6, 0.215768, 0.222683, -0.275637, -16, -0.80282, 0
20.62, 0.208379, 0.214885, -0.315585, -48, -0.827642, 0
20.64, 0.201105, 0.207343, -0.295611, -16, -0.838876, 0
20.66, 0.193947, 0.199162, -0.215716, 16, -0.819138, 0
20.68, 0.186905, 0.191748, -0.195742, 0, -0.810848, 0
20.7, 0.179981, 0.184973, -0.495348, -16, -0.798964, 0
20.72, 0.173174, 0.178453, -0.635164, -32, -0.808131, 0
20.74, 0.166487, 0.171295, -0.435427, 0, -0.822128, 0
20.76, 0.159919, 0.165286, -0.355532, 0, -0.818825, 0
20.78, 0.153472, 0.158256, -0.23569, 0, -0.822869, 0
20.8, 0.147147, 0.150458, -0.195742, 32, -0.811489, 0
20.82, 0.140944, 0.145345, -0.0559264, 0, -0.820147, 0
20.84, 0.134863, 0.139209, -0.135821, -16, -0.84539, 0
20.86, 0.128907, 0.132945, -0.415453, -16, -0.865099, 0
20.88, 0.123075, 0.126937, -0.355532, -32, -0.869039, 0
20.9, 0.117369, 0.121184, -0.555269, 0, -0.85307, 0
20.92, 0.111788, 0.115304, -0.23569, -16, -0.835018, 0
20.94, 0.106335, 0.110191, -0.155795, -16, -0.819872, 0
20.96, 0.10101, 0.103544, -0.0359527, 0, -0.808099, 0
20.98, 0.0958124, 0.0977913, -0.255663, 0, -0.80065, 0
21, 0.0907445, 0.093445, -0.375506, 0, -0.822395, 0
21.02, 0.0858065, 0.0883317, -0.355532, -32, -0.815593, 0
21.04, 0.0809992, 0.0832185, -0.395479, -32, -0.816777, 0
21.06, 0.0763233, 0.0784887, -0.355532, 0, -0.817602, 0
21.08, 0.0717796, 0.0731198, -0.0559264, -16, -0.812076, 0
21.1, 0.0673687, 0.069157, -0.395479, -16, -0.821851, 0
21.12, 0.0630914, 0.065322, -0.0958738, -16, -0.822649, 0
21.14, 0.0589483, 0.0612314, -0.155795, 0, -0.840085, 0
21.16, 0.0549401, 0.0561181, -0.135821, -16, -0.833225, 0
21.18, 0.0510676, 0.0522832, -0.175769, -32, -0.827942, 0
21.2, 0.0473313, 0.0483204, -0.115847, 16, -0.84176, 0
21.22, 0.043732, 0.0458916, -0.415453, 0, -0.846623, 0
21.24, 0.0402703, 0.041034, -0.115847, 0, -0.846909, 0
21.26, 0.0369469, 0.0380939, -0.295611, 32, -0.849342, 0
21.28, 0.0337624, 0.0348981, 0.103863, 0, -0.850154, 0
21.3, 0.0307174, 0.0311909, -0.155795, -32, -0.840772, 0
21.32, 0.0278126, 0.0285065, -0.0559264, -16, -0.827949, 0
21.34, 0.0250485, 0.0259498, 0.143811, -16, -0.825808, 0
21.36, 0.0224259, 0.0212201, -0.0759001, 16, -0.842292, 0
21.38, 0.0199452, 0.0209644, 0.0239684, 0, -0.86079, 0
21.4, 0.017607, 0.0181521, -0.135821, -16, -0.840241, 0
21.42, 0.015412, 0.015979, -0.015979, -32, -0.817397, 0
21.44, 0.0133607, 0.013678, 0.0838896, -32, -0.80847, 0
21.46, 0.0114537, 0.0115049, 0.00399474, -16, -0.822006, 0
21.48, 0.00969145, 0.00945955, -0.0559264, -16, -0.831028, 0
21.5, 0.00807459, 0.00818123, -0.015979, -16, -0.811844, 0
21.52, 0.00660361, 0.00639159, -0.0559264, -16, -0.79097, 0
21.54, 0.00527904, 0.0052411, -0.175769, 0, -0.751487, 0
21.56, 0.00410138, 0.00421845, -0.155795, -16, -0.738571, 0
21.58, 0.00307114, 0.00306796, -0.015979, 0, -0.74661, 0
21.6, 0.00218881, 0.00191748, 0.00399474, -16, -0.774552, 0
21.62, 0.00145486, 0.00127832, 0.00399474, -16, -0.813719, 0
21.64, 0.000869773, 0.000383495, 0.00399474, 16, -0.81413, 0
21.66, 0.000433997, 0, 0.0239684, 0, -0.814087, 0
21.68, 0.000147985, 0.000255663, 0.0639159, 16, -0.812961, 0
21.7, 1.2173e-05, 0.000127832, 0.0439422, -16, -0.802961, 0
21.72, 2.69882e-05, 0.000127832, 0.0439422, 16, -0.826318, 0
21.74, 0.000192846, 0.000127832, 0.0639159, -16, -0.840199, 0
21.76, 0.000510152, 0.000511327, 0.0838896, -16, -0.849137, 0
21.78, 0.000979298, 0.000511327, 0.0639159, -16, -0.858471, 0
21.8, 0.00160067, 0.000894822, 0.243679, 0, -0.850709, 0
21.82, 0.00237463, 0.00217314, 0.0838896, 32, -0.854919, 0
21.84, 0.00330155, 0.0028123, 0.0838896, 16, -0.841412, 0
21.86, 0.00438177, 0.00434628, -0.015979, 0, -0.843197, 0
21.88, 0.00561563, 0.00511327, -0.0559264, 16, -0.864169, 0
21.9, 0.00700344, 0.00613592, 0.0838896, 0, -0.861339, 0
21.92, 0.00854554, 0.00856473, 0.203732, 32, -0.834735, 0
21.94, 0.0102422, 0.00945955, 0.0838896, -16, -0.813139, 0
21.96, 0.0120937, 0.0115049, 0.143811, -16, -0.796307, 0
21.98, 0.0141004, 0.0131667, 0.143811, 16, -0.800616, 0
22, 0.0162625, 0.0163625, 0.403469, 16, -0.843104, 0
22.02, 0.0185802, 0.0175129, 0.0838896, 0, -0.847756, 0
22.04, 0.0210538, 0.0200696, 0.223706, 0, -0.842696, 0
22.06, 0.0236836, 0.0223706, 0.323574, 0, -0.821525, 0
22.08, 0.0264697, 0.0247994, 0.143811, 0, -0.836805, 0
22.1, 0.0294123, 0.0287621, 0.223706, 16, -0.872949, 0
22.12, 0.0325116, 0.0310631, 0.183758, 16, -0.872778, 0
22.14, 0.0357679, 0.0342589, 0.363521, -16, -0.883406, 0
22.16, 0.0391812, 0.0369434, 0.163784, 0, -0.858223, 0
22.18, 0.0427517, 0.0411618, 0.423443, 32, -0.843863, 0
22.2, 0.0464796, 0.0449968, 0.223706, 0, -0.836255, 0
22.22, 0.050365, 0.0487039, 0.403469, -16, -0.81038, 0
22.24, 0.0544079, 0.0515162, 0.183758, -16, -0.839136, 0
22.26, 0.0586085, 0.0567573, 0.483364, 0, -0.86312, 0
22.28, 0.0629668, 0.0611036, 0.3036, 16, -0.850683, 0
22.3, 0.067483, 0.065322, 0.443416, 0, -0.83289, 0
22.32, 0.0721571, 0.0694126, 0.643153, 0, -0.827304, 0
22.34, 0.0769891, 0.0737589, 0.383495, 32, -359.95, 0
22.36, 0.0819791, 0.0796392, 0.203732, -16, -359.95, 0
22.38, 0.087127, 0.0841133, 0.543285, 16, -360.144, 0
22.4, 0.0924329, 0.0887152, 0.263653, 32, -360.33, 0
22.42, 0.0978967, 0.0943398, 0.503337, 0, -0.513376, 0
22.44, 0.103518, 0.100987, 0.383495, -16, -0.642825, 0
22.46, 0.109298, 0.104439, 0.583232, 0, -0.740747, 0
22.48, 0.115236, 0.110958, 0.3036, -16, -0.805715, 0
22.5, 0.121331, 0.11671, 0.323574, 0, -0.837697, 0
22.52, 0.127584, 0.123741, 0.263653, 16, -0.868671, 0
22.54, 0.133994, 0.129621, 0.563259, 0, -0.884704, 0
22.56, 0.140562, 0.135885, 0.163784, 0, -0.911072, 0
22.58, 0.147287, 0.142788, 0.263653, -16, -0.938019, 0
22.6, 0.154169, 0.148668, 0.563259, 0, -0.959477, 0
22.62, 0.161209, 0.155316, 0.583232, 0, -0.972786, 0
22.64, 0.168405, 0.162474, 0.543285, 16, -0.976252, 0
22.66, 0.175758, 0.169249, 0.403469, 0, -0.980523, 0
22.68, 0.183267, 0.175769, 0.3036, 16, -0.986456, 0
22.7, 0.190932, 0.184845, 0.243679, -16, -0.996061, 0
22.72, 0.198754, 0.191748, 0.683101, 16, -0.999833, 0
22.74, 0.206731, 0.198651, 0.383495, 16, -1.00527, 0
22.76, 0.214863, 0.207727, 0.283627, 16, -0.986588, 0
22.78, 0.223151, 0.215524, 0.703074, -32, -0.966176, 0
22.8, 0.231594, 0.223706, 0.483364, 0, -0.952501, 0
22.82, 0.240191, 0.231503, 0.46339, -16, -0.932932, 0
22.84, 0.248942, 0.240196, 0.683101, -16, -0.935129, 0
22.86, 0.257848, 0.248761, 0.423443, 16, -0.925508, 0
22.88, 0.266906, 0.257709, 0.683101, 0, -0.908542, 0
22.9, 0.276118, 0.266018, 0.62318, 0, -0.905234, 0
22.92, 0.285483, 0.27471, 0.603206, 0, -0.90974, 0
22.94, 0.295, 0.285576, 0.962733, -16, -0.925775, 0
22.96, 0.304669, 0.29299, 0.583232, 0, -0.927875, 0
22.98, 0.31449, 0.303856, 0.802943, -16, -0.926278, 0
23, 0.324461, 0.312421, 0.46339, 0, -0.928925, 0
23.02, 0.334583, 0.32188, 0.46339, 16, -0.922102, 0
23.04, 0.344855, 0.334024, 0.323574, -16, -0.919068, 0
23.06, 0.355277, 0.342717, 0.782969, 0, -0.92401, 0
23.08, 0.365848, 0.352816, 0.543285, 0, -0.927069, 0
23.1, 0.376567, 0.362914, 0.323574, 32, -0.917169, 0
23.12, 0.387434, 0.374163, 0.62318, 0, -0.905558, 0
23.14, 0.398448, 0.383623, 0.503337, 0, -0.893758, 0
23.16, 0.40961, 0.395767, 0.643153, -16, -0.909056, 0
23.18, 0.420917, 0.405482, 0.523311, 0, -0.915801, 0
23.2, 0.43237, 0.417115, 0.403469, -16, -0.913869, 0
23.22, 0.443968, 0.430154, 0.762996, -32, -0.929233, 0
23.24, 0.455711, 0.439997, 1.00268, 16, -0.928783, 0
23.26, 0.467597, 0.451118, 0.563259, 0, -0.919576, 0
23.28, 0.479625, 0.462112, 0.723048, 16, -0.90311, 0
23.3, 0.491797, 0.475662, 0.523311, -16, -0.904291, 0
23.32, 0.504109, 0.485888, 0.563259, -16, -0.912844, 0
23.34, 0.516563, 0.498416, 0.683101, 32, -0.922565, 0
23.36, 0.529156, 0.510943, 0.822917, -16, -0.91147, 0
23.38, 0.541889, 0.523087, 0.583232, 0, -0.890903, 0
23.4, 0.55476, 0.535871, 0.922785, 16, -0.872153, 0
23.42, 0.567769, 0.548398, 0.882838, 0, -0.877554, 0
23.44, 0.580914, 0.559647, 0.703074, 0, -0.889408, 0
23.46, 0.594196, 0.573837, 0.703074, 0, -0.88821, 0
23.48, 0.607613, 0.587642, 0.802943, -16, -0.901654, 0
23.5, 0.621164, 0.59902, 1.16247, 16, -0.885942, 0
23.52, 0.634849, 0.61257, 0.743022, 16, -0.869461, 0
23.54, 0.648666, 0.627015, 0.882838, -16, -0.85646, 0
23.56, 0.662614, 0.639542, 0.643153, 16, -0.878435, 0
23.58, 0.676694, 0.655393, 0.703074, 0, -0.920552, 0
23.6, 0.690903, 0.667154, 0.62318, 16, -0.907726, 0
23.62, 0.705241, 0.682749, 0.703074, 32, -0.883379, 0
23.64, 0.719706, 0.695405, 0.942759, -16, -0.86155, 0
23.66, 0.734299, 0.708188, 0.782969, 0, -0.847861, 0
23.68, 0.749017, 0.724678, 0.62318, 0, -0.875446, 0
23.7, 0.76386, 0.73874, 0.663127, 16, -0.914298, 0
23.72, 0.778826, 0.753312, 0.62318, -16, -0.942268, 0
23.74, 0.793916, 0.767246, 0.583232, -16, -0.944821, 0
23.76, 0.809126, 0.782075, 1.02265, -16, -0.912568, 0
23.78, 0.824457, 0.797159, 0.922785, 16, -0.896054, 0
23.8, 0.839908, 0.812371, 0.743022, 0, -0.898152, 0
23.82, 0.855476, 0.827583, 0.862864, 16, -0.91612, 0
23.84, 0.871162, 0.8419, 1.10255, 0, -0.943301, 0
23.86, 0.886963, 0.858134, 0.782969, 0, -0.952286, 0
23.88, 0.902879, 0.87373, 0.822917, 16, -0.93839, 0
23.9, 0.918909, 0.889325, 0.862864, 16, -0.908437, 0
23.92, 0.935051, 0.905432, 1.04263, -16, -0.888316, 0
23.94, 0.951304, 0.920133, 0.862864, 0, -0.891272, 0
23.96, 0.967667, 0.936879, 0.862864, 0, -0.899256, 0
23.98, 0.984138, 0.952346, 0.962733, -16, -0.893313, 0
24, 1.00072, 0.969092, 0.862864, 0, -0.882635, 0
24.02, 1.0174, 0.985199, 0.862864, 16, -0.873617, 0
24.04, 1.03419, 1.00207, 0.922785, 0, -0.857282, 0
24.06, 1.05108, 1.0178, 0.683101, 16, -0.849112, 0
24.08, 1.06808, 1.03608, 1.04263, -16, -0.845458, 0
24.1, 1.08517, 1.04988, 1.34223, -16, -0.849039, 0
24.12, 1.10237, 1.06701, 0.743022, 16, -0.833445, 0
24.14, 1.11966, 1.08491, 0.922785, 16, -0.813228, 0
24.16, 1.13705, 1.10114, 1.00268, -16, -0.827138, 0
24.18, 1.15453, 1.11929, 1.08257, 0, -0.832983, 0
24.2, 1.17211, 1.13527, 1.20242, 0, -0.862871, 0
24.22, 1.18978, 1.15266, 0.84289, -16, -0.875254, 0
24.24, 1.20754, 1.17107, 0.962733, 0, -0.853417, 0
24.26, 1.22539, 1.18781, 0.902812, 0, -0.848692, 0
24.28, 1.24332, 1.20533, 0.84289, 32, -0.852147, 0
24.3, 1.26134, 1.22424, 1.08257, 16, -0.871217, 0
24.32, 1.27945, 1.24137, 1.10255, 16, -0.886513, 0
24.34, 1.29764, 1.25914, 0.942759, 16, -0.888647, 0
24.36, 1.31592, 1.27666, 1.0626, 16, -0.883142, 0
24.38, 1.33427, 1.2943, 0.723048, 0, -0.874451, 0
24.4, 1.3527, 1.31334, 0.782969, 32, -0.885329, 0
24.42, 1.37121, 1.3315, 1.04263, 0, -0.892125, 0
24.44, 1.38979, 1.34875, 1.36221, 0, -0.913283, 0
24.46, 1.40845, 1.36729, 1.12252, 32, -0.927792, 0
24.48, 1.42717, 1.38582, 0.922785, 16, -0.888764, 0
24.5, 1.44597, 1.40449, 1.20242, -16, -0.831094, 0
24.52, 1.46484, 1.4229, 0.942759, 32, -0.765668, 0
24.54, 1.48377, 1.44194, 0.743022, 16, -0.700566, 0
24.56, 1.50277, 1.46086, 1.0626, 16, -0.681821, 0
24.58, 1.52183, 1.4785, 1.1425, 32, -0.715938, 0
24.6, 1.54096, 1.49768, 0.922785, 32, -0.765618, 0
24.62, 1.56014, 1.518, 1.22239, 64, -0.841154, 0
24.64, 1.57939, 1.53551, 0.882838, 48, -0.910259, 0
24.66, 1.59868, 1.55482, 1.04263, 32, -0.980588, 0
24.68, 1.61804, 1.57425, 1.04263, 32, -1.04424, 0
24.7, 1.63745, 1.59214, 1.08257, 32, -1.06941, 0
24.72, 1.6569, 1.6126, 0.663127, 32, -1.05658, 0
24.74, 1.67641, 1.63177, 1.12252, 64, -0.968607, 0
24.76, 1.69596, 1.65069, 0.962733, 64, -0.854792, 0
24.78, 1.71557, 1.66974, 1.00268, 48, -0.753122, 0
24.8, 1.73521, 1.68942, 1.02265, 48, -0.669795, 0
24.82, 1.7549, 1.70796, 1.30229, 48, -0.667726, 0
24.84, 1.77462, 1.72752, 0.862864, 48, -0.714565, 0
24.86, 1.79439, 1.74899, 1.26234, 48, -0.751165, 0
24.88, 1.81419, 1.76663, 1.34223, 48, -0.794445, 0
24.9, 1.83402, 1.78709, 0.743022, 48, -0.815375, 0
24.92, 1.85389, 1.80665, 1.18244, 64, -0.880006, 0
24.94, 1.87379, 1.82863, 0.982706, 48, -0.968334, 0
24.96, 1.89371, 1.8464, 1.36221, 48, -1.01096, 0
24.98, 1.91366, 1.86455, 1.08257, 64, -0.999908, 0
25, 1.93364, 1.8868, 0.942759, 48, -0.966423, 0
25.02, 1.95364, 1.90661, 1.18244, 48, -0.892953, 0
25.04, 1.97366, 1.92604, 1.66181, 64, -0.742768, 0
25.06, 1.9937, 1.9447, 1.12252, 80, -0.704036, 0
25.08, 2.01376, 1.96644, 0.942759, 80, -0.773957, 0
25.1, 2.03383, 1.98523, 1.04263, 64, -0.842464, 0
25.12, 2.05391, 2.00466, 1.18244, 80, -0.910522, 0
25.14, 2.074, 2.02626, 1.28231, 64, -0.915874, 0
25.16, 2.09411, 2.04467, 1.16247, 64, -0.830955, 0
25.18, 2.11422, 2.06487, 0.982706, 64, -0.764196, 0
25.2, 2.13433, 2.08596, 1.0626, 64, -0.758143, 0
25.22, 2.15444, 2.10603, 1.04263, 80, -0.800368, 0
25.24, 2.17456, 2.12584, 1.02265, 96, -0.829653, 0
25.26, 2.19467, 2.14463, 1.522, 96, -0.73256, 0
25.28, 2.21478, 2.16649, 1.00268, 80, -0.694619, 0
25.3, 2.23489, 2.18579, 0.84289, 80, -0.69741, 0
25.32, 2.25498, 2.2074, 1.00268, 64, -0.681661, 0
25.34, 2.27507, 2.22529, 1.18244, 80, -0.742101, 0
25.36, 2.29514, 2.24715, 0.743022, 80, -0.785586, 0
25.38, 2.3152, 2.26492, 1.16247, 80, -0.814681, 0
25.4, 2.33524, 2.28499, 1.522, 96, -0.790004, 0
25.42, 2.35526, 2.30621, 0.902812, 96, -0.7911, 0
25.44, 2.37526, 2.32603, 1.16247, 112, -0.927338, 0
25.46, 2.39524, 2.34725, 0.902812, 96, -1.12061, 0
25.48, 2.4152, 2.36553, 1.16247, 96, -1.25588, 0
25.5, 2.43512, 2.38675, 1.24236, 64, -1.22707, 0
25.52, 2.45502, 2.40605, 1.00268, 80, -1.1155, 0
25.54, 2.47488, 2.42765, 1.18244, 96, -0.999759, 0
25.56, 2.49471, 2.44683, 1.42213, 80, -0.944689, 0
25.58, 2.51451, 2.46562, 0.942759, 96, -1.06979, 0
25.6, 2.53426, 2.48773, 1.34223, 96, -1.22409, 0
25.62, 2.55398, 2.50499, 1.10255, 80, -1.15029, 0
25.64, 2.57365, 2.52493, 0.822917, 96, -0.866406, 0
25.66, 2.59328, 2.54602, 0.762996, 112, -0.62718, 0
25.68, 2.61286, 2.56469, 1.0626, 112, -0.579656, 0
25.7, 2.63239, 2.58501, 0.862864, 112, -0.67501, 0
25.72, 2.65187, 2.60432, 1.00268, 96, -0.763245, 0
25.74, 2.67129, 2.62375, 1.18244, 96, -0.773201, 0
25.76, 2.69066, 2.64369, 0.982706, 96, -0.744551, 0
25.78, 2.70997, 2.66465, 1.12252, 96, -0.66609, 0
25.8, 2.72922, 2.68396, 1.46208, 96, -0.63681, 0
25.82, 2.74841, 2.70236, 0.982706, 112, -0.756834, 0
25.84, 2.76753, 2.72358, 1.1425, 112, -0.935013, 0
25.86, 2.78659, 2.74135, 1.30229, 96, -0.992627, 0
25.88, 2.80557, 2.76155, 1.46208, 112, -0.936682, 0
25.9, 2.82449, 2.78085, 1.28231, 96, -0.821977, 0
25.92, 2.84333, 2.799, 1.02265, 128, -0.714459, 0
25.94, 2.86209, 2.81831, 1.0626, 96, -0.671662, 0
25.96, 2.88078, 2.8371, 1.34223, 96, -0.652369, 0
25.98, 2.89938, 2.85525, 1.32226, 112, -0.728763, 0
26, 2.9179, 2.87455, 0.882838, 128, -0.771085, 0
26.02, 2.93634, 2.89424, 0.882838, 144, -0.774206, 0
26.04, 2.95469, 2.91392, 1.30229, 112, -0.836041, 0
26.06, 2.97295, 2.93131, 0.882838, 96, -0.958417, 0
26.08, 2.99112, 2.95176, 1.02265, 112, -1.14842, 0
26.1, 3.00919, 2.96876, 1.64184, 128, -1.24172, 0
26.12, 3.02717, 2.98321, 0.802943, 144, -1.222, 0
26.14, 3.04505, 3.00622, 0.862864, 112, -1.09886, 0
26.16, 3.06283, 3.02386, 1.0626, 112, -0.949559, 0
26.18, 3.08051, 3.04061, 1.28231, 96, -0.877794, 0
26.2, 3.09808, 3.05837, 1.28231, 112, -0.858559, 0
26.22, 3.11554, 3.07563, 0.982706, 144, -0.863761, 0
26.24, 3.1329, 3.09596, 1.22239, 112, -0.783641, 0
26.26, 3.15014, 3.1113, 1.10255, 96, -0.63919, 0
26.28, 3.16727, 3.12843, 1.32226, 128, -0.552165, 0
26.3, 3.18428, 3.14798, 0.723048, 128, -0.579399, 0
26.32, 3.20118, 3.1632, 1.20242, 112, -0.677513, 0
26.34, 3.21795, 3.1816, 0.739027, 144, -0.831287, 0
26.36, 3.23461, 3.19912, 0.942759, 128, -0.989843, 0
26.38, 3.25113, 3.21574, 0.723048, 112, -1.00856, 0
26.4, 3.26754, 3.23363, 1.18244, 112, -0.963729, 0
26.42, 3.28381, 3.25127, 0.922785, 160, -0.932891, 0
26.44, 3.29995, 3.26469, 1.04263, 144, -0.937292, 0
26.46, 3.31596, 3.28515, 0.782969, 144, -0.976926, 0
26.48, 3.33183, 3.29895, 1.16247, 144, -1.00766, 0
26.5, 3.34756, 3.31302, 0.643153, 160, -0.986586, 0
26.52, 3.36316, 3.33424, 0.683101, 112, -0.895237, 0
26.54, 3.37861, 3.34702, 0.723048, 160, -0.774939, 0
26.56, 3.39392, 3.36351, 0.683101, 160, -0.774939, 0
26.58, 3.40909, 3.38141, 1.22239, 128, -0.730197, 0
26.6, 3.4241, 3.39457, 1.4421, 144, -0.730197, 0
26.62, 3.43897, 3.40646, 0.443416, 160, -0.776572, 0
26.64, 3.45368, 3.43241, 0.0838896, 144, -0.782227, 0
26.66, 3.46824, 3.43676, 1.1425, 160, -359.995, 0
26.68, 3.48264, 3.45683, 0.103863, 144, -359.995, 0
26.7, 3.49689, 3.47153, 1.70176, 128, -180.782, 0
26.72, 3.51098, 3.48278, 0.403469, 160, -180.782, 0
26.74, 3.5249, 3.50131, 0.62318, 144, -181.285, 0
26.76, 3.53866, 3.51563, 0.663127, 128, -181.344, 0
26.78, 3.55225, 3.53084, 1.18244, 96, -181.467, 0
26.8, 3.56568, 3.53953, 0.862864, 160, -181.554, 0
26.82, 3.57893, 3.55513, 0.0639159, 160, -181.471, 0
26.84, 3.59202, 3.57341, 0.982706, 128, -181.921, 0
26.86, 3.60493, 3.57993, 0.343548, 160, -182.963, 0
26.88, 3.61766, 3.59821, 0.343548, 160, -184.494, 0
26.9, 3.63021, 3.61086, 1.22239, 128, -188.931, 0
26.92, 3.64259, 3.62032, 0.603206, 160, -338.853, 0
26.94, 3.65479, 3.63745, 0.523311, 160, -357.258, 0
26.96, 3.6668, 3.64602, 1.16247, 160, -358.95, 0
26.98, 3.67863, 3.66148, 0.0439422, 144, -359.332, 0
27, 3.69027, 3.67388, 1.04263, 160, -359.711, 0
27.02, 3.70172, 3.68066, 0.283627, 176, -359.667, 0
27.04, 3.71298, 3.70111, 0.543285, 160, -360.215, 0
27.06, 3.72405, 3.70482, 1.04263, 176, -0.750341, 0
27.08, 3.73492, 3.72233, 0.223706, 160, -360.373, 0
27.1, 3.7456, 3.73115, 1.20242, 176, -0.539929, 0
27.12, 3.75609, 3.73933, 0.263653, 176, -1.125, 0
27.14, 3.76637, 3.75672, 0.663127, 144, -1.03045, 0
27.16, 3.77645, 3.76004, 0.423443, 160, -0.766417, 0
27.18, 3.78633, 3.77947, 0.123837, 112, -1.1001, 0
27.2, 3.79601, 3.77973, 0.123837, 176, -1.23012, 0
27.22, 3.80548, 3.79647, 1.26234, 160, -0.790219, 0
27.24, 3.81475, 3.80172, 0.263653, 160, -0.874384, 0
27.26, 3.8238, 3.81475, 0.503337, 144, -1.10212, 0
27.28, 3.83265, 3.81948, 1.0626, 144, -0.838801, 0
27.3, 3.84128, 3.83303, 0.0639159, 176, -0.725047, 0
27.32, 3.8497, 3.83751, 1.08257, 192, -0.75152, 0
27.34, 3.8579, 3.85183, 0.0838896, 128, -0.89495, 0
27.36, 3.86589, 3.854, 0.743022, 176, -0.755604, 0
27.38, 3.87366, 3.86678, 0.0439422, 160, -0.505917, 0
27.4, 3.88121, 3.87317, 1.24236, 144, -0.837653, 0
27.42, 3.88855, 3.88378, -0.015979, 160, -0.634594, 0
27.44, 3.89566, 3.88596, 0.403469, 176, -360.353, 0
27.46, 3.90254, 3.89631, 0.263653, 160, -0.839337, 0
27.48, 3.9092, 3.90488, 0.543285, 176, -0.821378, 0
27.5, 3.91564, 3.90846, 0.423443, 176, -0.532762, 0
27.52, 3.92185, 3.92073, 0.103863, 144, -0.825433, 0
27.54, 3.92783, 3.92073, 0.0838896, 176, -0.925335, 0
27.56, 3.93358, 3.9298, 1.20242, 160, -0.594453, 0
27.58, 3.9391, 3.93568, 0.0439422, 160, -0.698234, 0
27.6, 3.94438, 3.9408, 0.942759, 144, -0.814896, 0
27.62, 3.94944, 3.94527, 0.00399474, 208, -0.551217, 0
27.64, 3.95426, 3.95524, 0.583232, 144, -0.681601, 0
27.66, 3.95884, 3.95639, 0.103863, 192, -0.871011, 0
27.68, 3.96319, 3.95716, 0.263653, 176, -0.556395, 0
27.7, 3.9673, 3.96534, 0.0239684, 192, -0.432197, 0
27.72, 3.97117, 3.9693, 0.683101, 176, -0.746422, 0
27.74, 3.9748, 3.97454, 0.0239684, 176, -0.635537, 0
27.76, 3.97819, 3.97569, 0.123837, 192, -360.329, 0
27.78, 3.98134, 3.98221, 0.203732, 144, -0.609625, 0
27.8, 3.98425, 3.9826, 0.0838896, 176, -0.720922, 0
27.82, 3.98691, 3.9863, 0.663127, 176, -360.362, 0
27.84, 3.98933, 3.99116, 0.00399474, 128, -0.536509, 0
27.86, 3.99151, 3.99116, 0.0639159, 112, -0.918067, 0
27.88, 3.99344, 3.99116, 0.0639159, 160, -0.552214, 0
27.9, 3.99512, 3.99116, 0.0639159, 144, -360.28, 0
27.92, 3.99655, 3.99321, 0.543285, 176, -0.685615, 0
27.94, 3.99774, 4.00062, 0.0639159, 160, -0.70542, 0
27.96, 3.99868, 4.00062, 0.0639159, 160, -360.234, 0
27.98, 3.99937, 4.00062, 0.0639159, 160, -360.354, 0
28, 3.9998, 4.00062, 0.0639159, 112, -0.565455, 0
28.02, 3.99999, 4.00037, 0.0439422, 96, -360.105, 0
28.04, 3.99993, 4.00024, 0.0439422, 80, -360.081, 0
28.06, 3.99961, 3.99922, -0.015979, 64, -0.578572, 0
28.08, 3.99905, 3.99717, -0.0359527, 48, -0.42307, 0
28.1, 3.99823, 3.99666, 0.0239684, 32, -360.084, 0
28.12, 3.99715, 3.9964, 0.0439422, 48, -0.436545, 0
28.14, 3.99583, 3.99589, 0.0239684, 80, -0.712243, 0
28.16, 3.99425, 3.99487, -0.175769, 16, -360.248, 0
28.18, 3.99241, 3.99219, -0.015979, 48, -360.025, 0
28.2, 3.99032, 3.99103, -0.015979, 32, -0.451296, 0
28.22, 3.98798, 3.98758, -0.115847, 32, -0.9368, 0
28.24, 3.98538, 3.9863, -0.0359527, 0, -0.857397, 0
28.26, 3.98252, 3.98221, -0.155795, 48, -0.488578, 0
28.28, 3.97941, 3.98081, 0.00399474, 48, -0.524185, 0
28.3, 3.97605, 3.9771, -0.355532, 16, -0.465065, 0
28.32, 3.97243, 3.97416, 0.123837, 0, -360.08, 0
28.34, 3.96855, 3.96892, -0.115847, 32, -360.009, 0
28.36, 3.96442, 3.96751, -0.015979, 32, -360.266, 0
28.38, 3.96003, 3.95972, -0.015979, 32, -359.989, 0
28.4, 3.95538, 3.95908, -0.335558, 64, -359.532, 0
28.42, 3.95048, 3.95217, -0.0759001, 48, -359.775, 0
28.44, 3.94533, 3.94796, -0.23569, 48, -360.378, 0
28.46, 3.93992, 3.94259, -0.195742, 16, -0.452668, 0
28.48, 3.93425, 3.93722, -0.455401, 64, -360.196, 0
28.5, 3.92833, 3.93172, -0.435427, 0, -360.329, 0
28.52, 3.92215, 3.92661, -0.115847, 32, -0.595229, 0
28.54, 3.91572, 3.91907, -0.115847, 48, -0.537729, 0
28.56, 3.90904, 3.91382, -0.655138, 32, -360.258, 0
28.58, 3.9021, 3.90705, 0.00399474, 32, -360.338, 0
28.6, 3.89491, 3.89963, -0.375506, 32, -0.572404, 0
28.62, 3.88746, 3.89273, -0.335558, 48, -360.315, 0
28.64, 3.87976, 3.88711, -0.555269, 32, -360.072, 0
28.66, 3.87181, 3.8788, -0.435427, 16, -360.229, 0
28.68, 3.86361, 3.87011, -0.355532, 48, -0.505424, 0
28.7, 3.85516, 3.8618, -0.455401, 48, -0.632267, 0
28.72, 3.84645, 3.85451, -0.715059, 32, -0.560051, 0
28.74, 3.8375, 3.8462, -0.255663, 16, -0.578435, 0
28.76, 3.8283, 3.83751, -0.355532, 32, -0.397354, 0
28.78, 3.81885, 3.82652, -0.375506, 32, -360.083, 0
28.8, 3.80915, 3.81936, -0.715059, 32, -360.272, 0
28.82, 3.7992, 3.8099, -0.335558, 48, -0.548133, 0
28.84, 3.78901, 3.79954, -0.475374, 16, -360.328, 0
28.86, 3.77857, 3.79047, -0.335558, 32, -360.133, 0
28.88, 3.76789, 3.77998, -0.475374, 32, -360.149, 0
28.9, 3.75697, 3.76976, -0.355532, 32, -360.279, 0
28.92, 3.7458, 3.75787, -0.575243, 48, -0.422224, 0
28.94, 3.73439, 3.74815, -0.415453, 16, -360.232, 0
28.96, 3.72274, 3.73767, -0.435427, 16, -360.13, 0
28.98, 3.71085, 3.7263, -0.515322, 32, -360.345, 0
29, 3.69873, 3.71402, -0.535295, 32, -0.475239, 0
29.02, 3.68636, 3.70316, -0.495348, 16, -360.334, 0
29.04, 3.67376, 3.69025, -0.595216, 32, -360.258, 0
