0 , 15 , 0.07 , 0 , 247.55 , 14.93 , 0.137372 , -0.35398 , 0.628724 , 0.00165836 , 0.000414589 , 0.00331672
0.02 , 15 , 0.08 , 0 , 54.18 , 14.92 , 0.138451 , -0.41465 , 0.691552 , 0.00124377 , 0 , 0.00331672
0.04 , 15 , 0.24 , 0 , 50.82 , 14.76 , 0.139493 , -0.467266 , 0.746252 , 0.00497507 , -0.00414589 , 0.00663343
0.06 , 15 , 0.35 , 0 , 47.75 , 14.65 , 0.14061 , -0.518812 , 0.800031 , 0.00912097 , -0.0132669 , 0.0136814
0.08 , 15 , 0.39 , 0 , 53.5 , 14.61 , 0.14183 , -0.570695 , 0.854355 , 0.0248754 , -0.0306796 , 0.0294358
0.1 , 15 , 0.31 , 0 , 84.42 , 14.69 , 0.143214 , -0.62511 , 0.911539 , 0.0398006 , -0.0431173 , 0.0398006
0.12 , 15 , 0.29 , 0 , 89.35 , 14.71 , 0.144634 , -0.676968 , 0.966236 , 0.0638468 , -0.071724 , 0.0663343
0.14 , 15 , 0.36 , 0 , 159.88 , 14.64 , 0.146043 , -0.725196 , 1.01728 , 0.0866492 , -0.0912097 , 0.0887221
0.16 , 15 , 0.52 , 0 , 175.23 , 14.48 , 0.147414 , -0.76955 , 1.06438 , 0.109037 , -0.127279 , 0.122718
0.18 , 15 , 0.53 , 0 , 185.43 , 14.47 , 0.148976 , -0.817404 , 1.11536 , 0.12106 , -0.155056 , 0.150496
0.2 , 15 , 0.31 , 0 , 184.48 , 14.69 , 0.15086 , -0.871957 , 1.17368 , 0.134327 , -0.200661 , 0.196101
0.22 , 15 , 0.03 , 0 , 344.4 , 14.97 , 0.152941 , -0.928745 , 1.23463 , 0.143863 , -0.237974 , 0.231755
0.24 , 15 , 0.52 , 0 , 21.32 , 14.48 , 0.154224 , -0.962211 , 1.27066 , 0.149667 , -0.2728 , 0.265752
0.26 , 15 , 1.37 , 0 , 19.2 , 13.63 , 0.155013 , -0.982269 , 1.2923 , 0.155056 , -0.334159 , 0.329184
0.28 , 15 , 2.05 , 0 , 22.52 , 12.95 , 0.155899 , -1.00434 , 1.31613 , 0.157129 , -0.385983 , 0.376447
0.3 , 15 , 2.54 , 0 , 20.65 , 12.46 , 0.156947 , -1.02985 , 1.34375 , 0.158373 , -0.433246 , 0.427027
0.32 , 15 , 2.96 , 0 , 22.68 , 12.04 , 0.158041 , -1.05585 , 1.37193 , 0.159617 , -0.51036 , 0.503312
0.34 , 15 , 3.43 , 0 , 23.42 , 11.57 , 0.159031 , -1.07886 , 1.39692 , 0.159617 , -0.567158 , 0.558866
0.36 , 15 , 3.62 , 0 , 20.4 , 11.38 , 0.16036 , -1.10904 , 1.42976 , 0.160031 , -0.638053 , 0.638882
0.38 , 15 , 4.09 , 0 , 17.28 , 10.91 , 0.161302 , -1.12995 , 1.45256 , 0.16169 , -0.693608 , 0.706875
0.4 , 15 , 4.66 , 0 , 13.26 , 10.34 , 0.162041 , -1.14612 , 1.4702 , 0.161275 , -0.750407 , 0.783159
0.42 , 15 , 5.3 , 0 , 10.83 , 9.7 , 0.162597 , -1.15811 , 1.48331 , 0.162519 , -0.808449 , 0.851152
0.44 , 15 , 6.59 , 0 , 8.22 , 8.41 , 0.162109 , -1.14759 , 1.47181 , 0.162934 , -0.860273 , 0.927436
0.46 , 15 , 7.71 , 0 , 5.66 , 7.29 , 0.161653 , -1.13767 , 1.46098 , 0.163763 , -0.897171 , 0.978846
0.48 , 15 , 8.78 , 0 , 5.71 , 6.22 , 0.161096 , -1.12542 , 1.44761 , 0.164177 , -0.954799 , 1.05223
0.5 , 15 , 9.96 , 0 , 4.28 , 5.04 , 0.160227 , -1.10606 , 1.42651 , 0.163763 , -0.987137 , 1.10322
0.52 , 15 , 10.82 , 0 , 4.02 , 4.18 , 0.159634 , -1.09267 , 1.41194 , 0.164177 , -1.0315 , 1.16583
0.54 , 15 , 11.39 , 0 , 3.61 , 3.61 , 0.159326 , -1.08564 , 1.40429 , 0.164177 , -1.05803 , 1.20646
0.56 , 15 , 12.04 , 0 , 2.43 , 2.96 , 0.158841 , -1.07449 , 1.39218 , 0.164177 , -1.08871 , 1.26408
0.58 , 15 , 12.3 , 0 , 1.5 , 2.7 , 0.158803 , -1.07361 , 1.39122 , 0.164177 , -1.11027 , 1.29393
0.6 , 15 , 12.77 , 0 , 0.74 , 2.23 , 0.158462 , -1.0657 , 1.38262 , 0.164177 , -1.13017 , 1.33498
0.62 , 15 , 13.4 , 0 , 0.72 , 1.6 , 0.157851 , -1.05139 , 1.36709 , 0.162934 , -1.14551 , 1.37063
0.64 , 15 , 13.87 , 0 , 1.43 , 1.13 , 0.157374 , -1.04007 , 1.35482 , 0.161275 , -1.1567 , 1.39758
0.66 , 15 , 14.5 , 0 , 2.2 , 0.5 , 0.156637 , -1.02235 , 1.33562 , 0.158788 , -1.16417 , 1.42287
0.68 , 15 , 15.17 , 0 , 3.17 , -0.17 , 0.155776 , -1.00129 , 1.31284 , 0.157544 , -1.16541 , 1.44567
0.7 , 15 , 15.71 , 0 , 3.87 , -0.71 , 0.155006 , -0.982089 , 1.2921 , 0.1563 , -1.16665 , 1.45687
0.72 , 15 , 16.34 , 0 , 4.54 , -1.34 , 0.154073 , -0.958333 , 1.26648 , 0.154227 , -1.16665 , 1.47304
0.74 , 15 , 16.7 , 0 , 4.48 , -1.7 , 0.153405 , -0.940986 , 1.2478 , 0.153813 , -1.16665 , 1.47967
0.76 , 15 , 16.88 , 0 , 3.48 , -1.88 , 0.152924 , -0.928303 , 1.23415 , 0.152983 , -1.148 , 1.48547
0.78 , 15 , 16.81 , 0 , 2.22 , -1.81 , 0.152731 , -0.923177 , 1.22864 , 0.152154 , -1.12934 , 1.48589
0.8 , 15 , 16.79 , 0 , 1.33 , -1.79 , 0.152503 , -0.917064 , 1.22207 , 0.15174 , -1.10944 , 1.48547
0.82 , 15 , 16.81 , 0 , 0.67 , -1.81 , 0.15224 , -0.909996 , 1.21448 , 0.150911 , -1.08664 , 1.48506
0.84 , 15 , 16.85 , 0 , 0.58 , -1.85 , 0.15196 , -0.902392 , 1.20631 , 0.150496 , -1.06052 , 1.46889
0.86 , 15 , 16.78 , 0 , 0.83 , -1.78 , 0.151808 , -0.898248 , 1.20186 , 0.150081 , -1.02901 , 1.44899
0.88 , 15 , 16.91 , 0 , 1.33 , -1.91 , 0.151442 , -0.888175 , 1.19106 , 0.149667 , -1.00123 , 1.42494
0.9 , 15 , 17.07 , 0 , 1.89 , -2.07 , 0.151029 , -0.8767 , 1.17876 , 0.149252 , -0.978431 , 1.40463
0.92 , 15 , 17.26 , 0 , 2.03 , -2.26 , 0.150568 , -0.863704 , 1.16484 , 0.149667 , -0.945678 , 1.36897
0.94 , 15 , 17.15 , 0 , 1.64 , -2.15 , 0.150421 , -0.859527 , 1.16037 , 0.148838 , -0.922461 , 1.34327
0.96 , 15 , 16.86 , 0 , 0.94 , -1.86 , 0.150493 , -0.861577 , 1.16256 , 0.150911 , -0.899244 , 1.29932
0.98 , 15 , 16.35 , 0 , 0.03 , -1.35 , 0.150854 , -0.871785 , 1.17349 , 0.149667 , -0.883075 , 1.27362
1 , 15 , 16 , 0 , 359.03 , -1 , 0.151109 , -0.878925 , 1.18114 , 0.149667 , -0.869394 , 1.24377
1.02 , 15 , 15.28 , 0 , 358.54 , -0.28 , 0.151838 , -0.899051 , 1.20273 , 0.149667 , -0.863175 , 1.21682
1.04 , 15 , 14.73 , 0 , 358.43 , 0.27 , 0.152482 , -0.916517 , 1.22148 , 0.149667 , -0.860273 , 1.19816
1.06 , 15 , 14.15 , 0 , 359.27 , 0.85 , 0.153248 , -0.936872 , 1.24337 , 0.149667 , -0.860273 , 1.17992
1.08 , 15 , 13.88 , 0 , 0.34 , 1.12 , 0.15373 , -0.949463 , 1.25692 , 0.150911 , -0.859858 , 1.16873
1.1 , 15 , 13.79 , 0 , 1.9 , 1.21 , 0.154026 , -0.957137 , 1.26519 , 0.151325 , -0.860273 , 1.16085
1.12 , 15 , 13.9 , 0 , 4.03 , 1.1 , 0.154082 , -0.958578 , 1.26674 , 0.152569 , -0.859858 , 1.15546
1.14 , 15 , 14.11 , 0 , 5.18 , 0.89 , 0.15399 , -0.95619 , 1.26417 , 0.154642 , -0.871052 , 1.15505
1.16 , 15 , 14.43 , 0 , 6.06 , 0.57 , 0.153724 , -0.949323 , 1.25677 , 0.154642 , -0.917901 , 1.15505
1.18 , 15 , 14.28 , 0 , 5.55 , 0.72 , 0.153979 , -0.95591 , 1.26387 , 0.155471 , -0.925778 , 1.15588
1.2 , 15 , 13.83 , 0 , 3.85 , 1.17 , 0.154628 , -0.972529 , 1.28178 , 0.155471 , -0.939874 , 1.17039
1.22 , 15 , 13.6 , 0 , 2.27 , 1.4 , 0.155079 , -0.983935 , 1.29409 , 0.155471 , -0.955214 , 1.19112
1.24 , 15 , 13.29 , 0 , 1.24 , 1.71 , 0.155669 , -0.998635 , 1.30997 , 0.155886 , -0.966408 , 1.21806
1.26 , 15 , 13.34 , 0 , 1.72 , 1.66 , 0.155849 , -1.0031 , 1.3148 , 0.155471 , -0.980504 , 1.24128
1.28 , 15 , 13.3 , 0 , 2.59 , 1.7 , 0.156132 , -1.01006 , 1.32233 , 0.1563 , -0.988381 , 1.26201
1.3 , 15 , 13.65 , 0 , 4.17 , 1.35 , 0.15592 , -1.00483 , 1.31667 , 0.155886 , -0.998746 , 1.27984
1.32 , 15 , 14.01 , 0 , 6.08 , 0.99 , 0.155636 , -0.997832 , 1.3091 , 0.1563 , -1.00704 , 1.29849
1.34 , 15 , 14.66 , 0 , 6.7 , 0.34 , 0.154934 , -0.980285 , 1.29015 , 0.1563 , -1.00828 , 1.31259
1.36 , 15 , 15.1 , 0 , 6.62 , -0.1 , 0.154404 , -0.966834 , 1.27564 , 0.1563 , -1.0087 , 1.31922
1.38 , 15 , 15.37 , 0 , 5.43 , -0.37 , 0.154027 , -0.957155 , 1.26521 , 0.1563 , -1.0087 , 1.32295
1.4 , 15 , 15.54 , 0 , 3.59 , -0.54 , 0.15374 , -0.949738 , 1.25722 , 0.1563 , -1.0087 , 1.32378
1.42 , 15 , 15.43 , 0 , 1.04 , -0.43 , 0.153776 , -0.950662 , 1.25821 , 0.155886 , -0.991283 , 1.32378
1.44 , 15 , 15.17 , 0 , 358.97 , -0.17 , 0.154019 , -0.956934 , 1.26497 , 0.155886 , -0.971383 , 1.32171
1.46 , 15 , 15.05 , 0 , 358.61 , -0.0500002 , 0.154135 , -0.959942 , 1.26821 , 0.155471 , -0.963506 , 1.29974
1.48 , 15 , 14.95 , 0 , 359.34 , 0.0500002 , 0.154249 , -0.962853 , 1.27135 , 0.154642 , -0.95936 , 1.28315
1.5 , 15 , 15 , 0 , 0.67 , 0 , 0.154195 , -0.961464 , 1.26985 , 0.153813 , -0.957701 , 1.27237
1.52 , 15 , 15.25 , 0 , 2.44 , -0.25 , 0.153889 , -0.953587 , 1.26136 , 0.153398 , -0.957287 , 1.26367
1.54 , 15 , 15.27 , 0 , 3.54 , -0.27 , 0.153828 , -0.951999 , 1.25965 , 0.152983 , -0.957287 , 1.26118
1.56 , 15 , 15.1 , 0 , 4.22 , -0.1 , 0.153998 , -0.956396 , 1.26439 , 0.152569 , -0.957287 , 1.25745
1.58 , 15 , 14.84 , 0 , 3.97 , 0.16 , 0.154307 , -0.964347 , 1.27296 , 0.152983 , -0.957287 , 1.25703
1.6 , 15 , 14.62 , 0 , 3.28 , 0.38 , 0.154609 , -0.972052 , 1.28127 , 0.152154 , -0.957287 , 1.25745
1.62 , 15 , 14.39 , 0 , 2.36 , 0.61 , 0.154958 , -0.980877 , 1.29079 , 0.152154 , -0.957287 , 1.2616
1.64 , 15 , 14.34 , 0 , 1.61 , 0.66 , 0.155116 , -0.984849 , 1.29508 , 0.152569 , -0.957287 , 1.27528
1.66 , 15 , 14.39 , 0 , 1.41 , 0.61 , 0.155152 , -0.985759 , 1.29606 , 0.152569 , -0.957287 , 1.28481
1.68 , 15 , 14.56 , 0 , 1.36 , 0.44 , 0.155027 , -0.982607 , 1.29266 , 0.152569 , -0.958116 , 1.29476
1.7 , 15 , 14.67 , 0 , 1.64 , 0.33 , 0.154948 , -0.98062 , 1.29052 , 0.152154 , -0.970968 , 1.29684
1.72 , 15 , 14.85 , 0 , 2.44 , 0.15 , 0.154764 , -0.975985 , 1.28551 , 0.152154 , -0.983821 , 1.29684
1.74 , 15 , 14.63 , 0 , 1.82 , 0.37 , 0.155052 , -0.983252 , 1.29336 , 0.152569 , -0.983406 , 1.29684
1.76 , 15 , 14.72 , 0 , 1.88 , 0.28 , 0.154989 , -0.981656 , 1.29163 , 0.152983 , -0.983821 , 1.29601
1.78 , 15 , 14.86 , 0 , 2.07 , 0.14 , 0.154848 , -0.978094 , 1.28779 , 0.154227 , -0.983406 , 1.29062
1.8 , 15 , 14.93 , 0 , 2.37 , 0.0699997 , 0.154772 , -0.976182 , 1.28573 , 0.1563 , -0.983406 , 1.28937
1.82 , 15 , 15 , 0 , 2.19 , 0 , 0.154687 , -0.974023 , 1.2834 , 0.155471 , -0.981748 , 1.2873
1.84 , 15 , 15 , 0 , 1.98 , 0 , 0.154679 , -0.973833 , 1.28319 , 0.155471 , -0.977602 , 1.28398
1.86 , 15 , 14.99 , 0 , 1.92 , 0.0100002 , 0.154686 , -0.974008 , 1.28338 , 0.155471 , -0.975943 , 1.28191
1.88 , 15 , 14.88 , 0 , 1.49 , 0.12 , 0.154821 , -0.977413 , 1.28705 , 0.155471 , -0.975114 , 1.28191
1.9 , 15 , 14.82 , 0 , 1.57 , 0.18 , 0.154912 , -0.979709 , 1.28953 , 0.155471 , -0.975114 , 1.28191
1.92 , 15 , 14.78 , 0 , 1.67 , 0.22 , 0.154987 , -0.98161 , 1.29158 , 0.155471 , -0.9747 , 1.28191
1.94 , 15 , 14.79 , 0 , 2.18 , 0.21 , 0.155006 , -0.982083 , 1.2921 , 0.155471 , -0.975114 , 1.28232
1.96 , 15 , 14.84 , 0 , 2.68 , 0.16 , 0.154972 , -0.981238 , 1.29118 , 0.155886 , -0.975114 , 1.28606
1.98 , 15 , 14.9 , 0 , 3.05 , 0.1 , 0.154918 , -0.979873 , 1.28971 , 0.155886 , -0.975114 , 1.28813
2 , 15 , 14.94 , 0 , 3.2 , 0.0600004 , 0.15488 , -0.978905 , 1.28866 , 0.155056 , -0.975114 , 1.28979
2.02 , 15 , 14.93 , 0 , 2.99 , 0.0699997 , 0.154898 , -0.979366 , 1.28916 , 0.155886 , -0.975114 , 1.2902
2.04 , 15 , 14.94 , 0 , 2.59 , 0.0600004 , 0.154893 , -0.979248 , 1.28903 , 0.155886 , -0.975114 , 1.28979
2.06 , 15 , 14.94 , 0 , 2.21 , 0.0600004 , 0.1549 , -0.97941 , 1.28921 , 0.155886 , -0.975114 , 1.28979
2.08 , 15 , 14.91 , 0 , 1.71 , 0.0900002 , 0.154944 , -0.980521 , 1.29041 , 0.1563 , -0.975114 , 1.28979
2.1 , 15 , 14.9 , 0 , 1.67 , 0.1 , 0.154968 , -0.981125 , 1.29106 , 0.155886 , -0.975114 , 1.28979
2.12 , 15 , 14.87 , 0 , 1.8 , 0.13 , 0.155018 , -0.982397 , 1.29243 , 0.155471 , -0.975529 , 1.2902
2.14 , 15 , 14.87 , 0 , 2.05 , 0.13 , 0.155036 , -0.982843 , 1.29292 , 0.155886 , -0.977602 , 1.29145
2.16 , 15 , 14.88 , 0 , 2.52 , 0.12 , 0.155041 , -0.98297 , 1.29305 , 0.155471 , -0.981333 , 1.2931
2.18 , 15 , 14.88 , 0 , 2.7 , 0.12 , 0.155057 , -0.983371 , 1.29348 , 0.155471 , -0.981333 , 1.2931
2.2 , 15 , 14.87 , 0 , 2.95 , 0.13 , 0.155085 , -0.984087 , 1.29426 , 0.154642 , -0.985064 , 1.29352
2.22 , 15 , 14.95 , 0 , 3.07 , 0.0500002 , 0.155003 , -0.982004 , 1.29201 , 0.155471 , -0.985064 , 1.29352
2.24 , 15 , 14.98 , 0 , 3.17 , 0.0200005 , 0.15497 , -0.981174 , 1.29111 , 0.154227 , -0.985479 , 1.29393
2.26 , 15 , 15.03 , 0 , 3.08 , -0.0299997 , 0.154907 , -0.979606 , 1.28942 , 0.154642 , -0.985479 , 1.29393
2.28 , 15 , 15.07 , 0 , 2.89 , -0.0699997 , 0.15485 , -0.978167 , 1.28787 , 0.154642 , -0.985479 , 1.29352
2.3 , 15 , 15.09 , 0 , 2.77 , -0.0900002 , 0.154813 , -0.977218 , 1.28684 , 0.153813 , -0.985479 , 1.29352
2.32 , 15 , 15.08 , 0 , 2.57 , -0.0799999 , 0.15481 , -0.977156 , 1.28678 , 0.154227 , -0.985479 , 1.2931
2.34 , 15 , 15.07 , 0 , 2.61 , -0.0699997 , 0.15481 , -0.977154 , 1.28677 , 0.153813 , -0.985479 , 1.28896
2.36 , 15 , 15.06 , 0 , 3 , -0.0600004 , 0.154812 , -0.977205 , 1.28683 , 0.153398 , -0.984235 , 1.2873
2.38 , 15 , 15.1 , 0 , 3.41 , -0.1 , 0.154754 , -0.975728 , 1.28524 , 0.153398 , -0.980504 , 1.28689
2.4 , 15 , 15.12 , 0 , 3.93 , -0.12 , 0.154715 , -0.974728 , 1.28416 , 0.152983 , -0.978016 , 1.28398
2.42 , 15 , 15.09 , 0 , 4.19 , -0.0900002 , 0.154735 , -0.975239 , 1.28471 , 0.153398 , -0.977602 , 1.28357
2.44 , 15 , 15.1 , 0 , 4.15 , -0.1 , 0.15471 , -0.974623 , 1.28404 , 0.152983 , -0.977187 , 1.28232
2.46 , 15 , 15.09 , 0 , 3.95 , -0.0900002 , 0.15471 , -0.974601 , 1.28402 , 0.153398 , -0.976773 , 1.28232
2.48 , 15 , 15.01 , 0 , 3.37 , -0.0100002 , 0.154798 , -0.976831 , 1.28643 , 0.153813 , -0.976773 , 1.28232
2.5 , 15 , 14.93 , 0 , 2.75 , 0.0699997 , 0.154898 , -0.97938 , 1.28918 , 0.153813 , -0.976773 , 1.28232
2.52 , 15 , 14.91 , 0 , 2.39 , 0.0900002 , 0.154937 , -0.980341 , 1.29021 , 0.153398 , -0.976358 , 1.28232
2.54 , 15 , 14.89 , 0 , 2.25 , 0.11 , 0.154977 , -0.981355 , 1.29131 , 0.152983 , -0.976773 , 1.28274
2.56 , 15 , 14.9 , 0 , 2.38 , 0.1 , 0.154982 , -0.981482 , 1.29145 , 0.153813 , -0.976773 , 1.28564
2.58 , 15 , 14.91 , 0 , 2.53 , 0.0900002 , 0.154985 , -0.98155 , 1.29152 , 0.154227 , -0.976773 , 1.28813
2.6 , 15 , 14.93 , 0 , 2.78 , 0.0699997 , 0.154973 , -0.98125 , 1.2912 , 0.154227 , -0.976773 , 1.29062
2.62 , 15 , 14.96 , 0 , 2.95 , 0.04 , 0.154945 , -0.980547 , 1.29044 , 0.155056 , -0.976773 , 1.29145
2.64 , 15 , 14.91 , 0 , 3.01 , 0.0900002 , 0.155012 , -0.982241 , 1.29227 , 0.154642 , -0.976773 , 1.29145
2.66 , 15 , 14.89 , 0 , 2.92 , 0.11 , 0.15505 , -0.983191 , 1.29329 , 0.155056 , -0.976773 , 1.29145
2.68 , 15 , 14.87 , 0 , 2.71 , 0.13 , 0.15509 , -0.984209 , 1.29439 , 0.155056 , -0.976773 , 1.29352
2.7 , 15 , 14.92 , 0 , 2.53 , 0.0799999 , 0.155046 , -0.983089 , 1.29318 , 0.155056 , -0.976773 , 1.29393
2.72 , 15 , 14.91 , 0 , 2.31 , 0.0900002 , 0.155068 , -0.98365 , 1.29379 , 0.155056 , -0.976773 , 1.29476
2.74 , 15 , 14.92 , 0 , 2.16 , 0.0799999 , 0.155067 , -0.983625 , 1.29376 , 0.155056 , -0.978016 , 1.29476
2.76 , 15 , 14.94 , 0 , 2.01 , 0.0600004 , 0.155052 , -0.983246 , 1.29335 , 0.155056 , -0.981748 , 1.29476
2.78 , 15 , 14.93 , 0 , 1.84 , 0.0699997 , 0.155071 , -0.983735 , 1.29388 , 0.155056 , -0.982991 , 1.29518
2.8 , 15 , 14.92 , 0 , 2.04 , 0.0799999 , 0.155093 , -0.98427 , 1.29446 , 0.155471 , -0.984235 , 1.29518
2.82 , 15 , 14.91 , 0 , 2.3 , 0.0900002 , 0.155116 , -0.984846 , 1.29508 , 0.155471 , -0.985479 , 1.29518
2.84 , 15 , 14.9 , 0 , 2.92 , 0.1 , 0.15514 , -0.985461 , 1.29574 , 0.155471 , -0.985479 , 1.29518
2.86 , 15 , 14.96 , 0 , 3.46 , 0.04 , 0.155078 , -0.983906 , 1.29406 , 0.155471 , -0.985894 , 1.29518
2.88 , 15 , 15 , 0 , 3.76 , 0 , 0.155032 , -0.982739 , 1.2928 , 0.155056 , -0.985894 , 1.29518
2.9 , 15 , 15.09 , 0 , 3.85 , -0.0900002 , 0.154917 , -0.979848 , 1.28968 , 0.155471 , -0.985479 , 1.29518
2.92 , 15 , 15.11 , 0 , 3.63 , -0.11 , 0.154876 , -0.978819 , 1.28857 , 0.155471 , -0.985894 , 1.29518
2.94 , 15 , 15.09 , 0 , 3.17 , -0.0900002 , 0.154883 , -0.978998 , 1.28877 , 0.155471 , -0.985894 , 1.29476
2.96 , 15 , 15.07 , 0 , 2.84 , -0.0699997 , 0.154895 , -0.97928 , 1.28907 , 0.155471 , -0.985894 , 1.29186
2.98 , 15 , 15.01 , 0 , 2.66 , -0.0100002 , 0.154959 , -0.980914 , 1.29083 , 0.155056 , -0.985894 , 1.28979
3 , 15 , 15.03 , 0 , 2.69 , -0.0299997 , 0.154934 , -0.980272 , 1.29014 , 0.155471 , -0.985894 , 1.28937
3.02 , 15 , 15.03 , 0 , 2.98 , -0.0299997 , 0.15493 , -0.980173 , 1.29003 , 0.155471 , -0.985479 , 1.28854
3.04 , 15 , 15.03 , 0 , 3.41 , -0.0299997 , 0.154926 , -0.980077 , 1.28993 , 0.155886 , -0.982577 , 1.28896
3.06 , 15 , 15.02 , 0 , 3.56 , -0.0200005 , 0.154935 , -0.980299 , 1.29017 , 0.155886 , -0.981748 , 1.28854
3.08 , 15 , 15.01 , 0 , 3.71 , -0.0100002 , 0.154945 , -0.980563 , 1.29045 , 0.155056 , -0.980089 , 1.28854
3.1 , 15 , 14.97 , 0 , 3.3 , 0.0299997 , 0.154995 , -0.981811 , 1.2918 , 0.155886 , -0.980089 , 1.28854
3.12 , 15 , 14.94 , 0 , 2.94 , 0.0600004 , 0.155038 , -0.982901 , 1.29298 , 0.155056 , -0.979675 , 1.28854
3.14 , 15 , 14.94 , 0 , 2.64 , 0.0600004 , 0.155048 , -0.983152 , 1.29325 , 0.154642 , -0.980089 , 1.28854
3.16 , 15 , 14.93 , 0 , 2.32 , 0.0699997 , 0.15507 , -0.983702 , 1.29384 , 0.155056 , -0.980089 , 1.28854
3.18 , 15 , 14.91 , 0 , 2.12 , 0.0900002 , 0.155106 , -0.984597 , 1.29481 , 0.154642 , -0.980089 , 1.28896
3.2 , 15 , 14.91 , 0 , 2.06 , 0.0900002 , 0.155119 , -0.984932 , 1.29517 , 0.155056 , -0.979675 , 1.2902
3.22 , 15 , 14.92 , 0 , 2.21 , 0.0799999 , 0.155119 , -0.984942 , 1.29518 , 0.154642 , -0.980089 , 1.29145
3.24 , 15 , 14.92 , 0 , 2.48 , 0.0799999 , 0.155131 , -0.985218 , 1.29548 , 0.155056 , -0.980089 , 1.29352
3.26 , 15 , 14.96 , 0 , 2.89 , 0.04 , 0.155091 , -0.98423 , 1.29441 , 0.154227 , -0.980089 , 1.29476
3.28 , 15 , 14.99 , 0 , 3.13 , 0.0100002 , 0.155058 , -0.983394 , 1.29351 , 0.155056 , -0.980089 , 1.29518
3.3 , 15 , 14.98 , 0 , 3.29 , 0.0200005 , 0.15507 , -0.983703 , 1.29384 , 0.154642 , -0.980089 , 1.29559
3.32 , 15 , 14.99 , 0 , 3.33 , 0.0100002 , 0.155059 , -0.983429 , 1.29355 , 0.154642 , -0.980089 , 1.29559
3.34 , 15 , 14.98 , 0 , 3 , 0.0200005 , 0.155072 , -0.983751 , 1.29389 , 0.154642 , -0.980089 , 1.29559
3.36 , 15 , 14.94 , 0 , 2.48 , 0.0600004 , 0.155124 , -0.985063 , 1.29531 , 0.154642 , -0.980089 , 1.29559
3.38 , 15 , 14.94 , 0 , 2.06 , 0.0600004 , 0.155133 , -0.985276 , 1.29554 , 0.154642 , -0.982162 , 1.29559
3.4 , 15 , 14.92 , 0 , 1.72 , 0.0799999 , 0.155166 , -0.986114 , 1.29645 , 0.154642 , -0.98465 , 1.29559
3.42 , 15 , 14.87 , 0 , 1.4 , 0.13 , 0.155241 , -0.987975 , 1.29846 , 0.154227 , -0.985894 , 1.29559
3.44 , 15 , 14.88 , 0 , 1.62 , 0.12 , 0.155247 , -0.988138 , 1.29863 , 0.155056 , -0.987552 , 1.29559
3.46 , 15 , 14.94 , 0 , 2.22 , 0.0600004 , 0.155189 , -0.986673 , 1.29705 , 0.153813 , -0.990869 , 1.29559
3.48 , 15 , 14.94 , 0 , 2.85 , 0.0600004 , 0.155196 , -0.986853 , 1.29724 , 0.153813 , -0.990869 , 1.29601
3.5 , 15 , 15.03 , 0 , 3.46 , -0.0299997 , 0.15509 , -0.984203 , 1.29438 , 0.153813 , -0.990869 , 1.29725
3.52 , 15 , 15.09 , 0 , 3.87 , -0.0900002 , 0.155008 , -0.982141 , 1.29216 , 0.154227 , -0.990869 , 1.29684
3.54 , 15 , 15.11 , 0 , 3.91 , -0.11 , 0.154967 , -0.981119 , 1.29105 , 0.153813 , -0.990454 , 1.29684
3.56 , 15 , 15.14 , 0 , 3.7 , -0.14 , 0.154912 , -0.979725 , 1.28955 , 0.154642 , -0.990869 , 1.29642
3.58 , 15 , 15.14 , 0 , 3.45 , -0.14 , 0.15489 , -0.979177 , 1.28896 , 0.154227 , -0.990454 , 1.29559
3.6 , 15 , 15.1 , 0 , 3.26 , -0.1 , 0.15492 , -0.979912 , 1.28975 , 0.154227 , -0.985894 , 1.2931
3.62 , 15 , 15.09 , 0 , 3.05 , -0.0900002 , 0.154918 , -0.979875 , 1.28971 , 0.154227 , -0.982577 , 1.2902
3.64 , 15 , 15.12 , 0 , 2.91 , -0.12 , 0.154869 , -0.978623 , 1.28836 , 0.154227 , -0.980918 , 1.28979
3.66 , 15 , 15.11 , 0 , 3.01 , -0.11 , 0.154864 , -0.978518 , 1.28825 , 0.154227 , -0.980504 , 1.28689
3.68 , 15 , 15.08 , 0 , 3.2 , -0.0799999 , 0.154887 , -0.979094 , 1.28887 , 0.154227 , -0.980089 , 1.28689
3.7 , 15 , 15.05 , 0 , 3.3 , -0.0500002 , 0.154915 , -0.979796 , 1.28963 , 0.154227 , -0.980089 , 1.28689
3.72 , 15 , 14.93 , 0 , 3.21 , 0.0699997 , 0.15506 , -0.983453 , 1.29357 , 0.153813 , -0.980089 , 1.28689
3.74 , 15 , 14.89 , 0 , 3.22 , 0.11 , 0.155124 , -0.985059 , 1.29531 , 0.154227 , -0.980089 , 1.28689
3.76 , 15 , 14.89 , 0 , 3.18 , 0.11 , 0.155143 , -0.985533 , 1.29582 , 0.154642 , -0.980089 , 1.28689
3.78 , 15 , 14.92 , 0 , 3.14 , 0.0799999 , 0.155123 , -0.985034 , 1.29528 , 0.155056 , -0.980089 , 1.28937
3.8 , 15 , 14.98 , 0 , 2.99 , 0.0200005 , 0.15506 , -0.98345 , 1.29357 , 0.155056 , -0.980089 , 1.29103
3.82 , 15 , 14.99 , 0 , 2.73 , 0.0100002 , 0.15505 , -0.983191 , 1.29329 , 0.155056 , -0.980089 , 1.2931
3.84 , 15 , 15.02 , 0 , 2.33 , -0.0200005 , 0.155013 , -0.982266 , 1.29229 , 0.155471 , -0.980089 , 1.2931
3.86 , 15 , 15.01 , 0 , 2 , -0.0100002 , 0.155022 , -0.982484 , 1.29253 , 0.155471 , -0.980089 , 1.29352
3.88 , 15 , 14.96 , 0 , 1.98 , 0.04 , 0.155082 , -0.984008 , 1.29417 , 0.155886 , -0.980089 , 1.29352
3.9 , 15 , 14.9 , 0 , 1.94 , 0.1 , 0.155164 , -0.986048 , 1.29637 , 0.155056 , -0.980089 , 1.29352
3.92 , 15 , 14.82 , 0 , 2.14 , 0.18 , 0.155279 , -0.988947 , 1.29951 , 0.155471 , -0.980089 , 1.29476
3.94 , 15 , 14.84 , 0 , 2.47 , 0.16 , 0.155281 , -0.988996 , 1.29956 , 0.155471 , -0.980089 , 1.29642
3.96 , 15 , 14.84 , 0 , 2.75 , 0.16 , 0.155304 , -0.989572 , 1.30018 , 0.155471 , -0.980504 , 1.29849
3.98 , 15 , 14.89 , 0 , 2.93 , 0.11 , 0.155264 , -0.988562 , 1.29909 , 0.155471 , -0.986723 , 1.30015
4 , 15 , 14.92 , 0 , 2.83 , 0.0799999 , 0.155241 , -0.987975 , 1.29846 , 0.155471 , -0.987552 , 1.30057
4.02 , 15 , 14.91 , 0 , 2.52 , 0.0900002 , 0.155263 , -0.988531 , 1.29906 , 0.155471 , -0.988796 , 1.30057
4.04 , 15 , 14.92 , 0 , 2.22 , 0.0799999 , 0.155262 , -0.988502 , 1.29903 , 0.155471 , -0.990869 , 1.30057
4.06 , 15 , 14.93 , 0 , 1.97 , 0.0699997 , 0.155259 , -0.988434 , 1.29895 , 0.155471 , -0.990869 , 1.30057
4.08 , 15 , 15 , 0 , 2.05 , 0 , 0.155179 , -0.986435 , 1.29679 , 0.155471 , -0.990869 , 1.30057
4.1 , 15 , 15.02 , 0 , 2.21 , -0.0200005 , 0.155151 , -0.985734 , 1.29604 , 0.155886 , -0.990869 , 1.30057
4.12 , 15 , 15.05 , 0 , 2.41 , -0.0500002 , 0.155108 , -0.984655 , 1.29487 , 0.155886 , -0.990869 , 1.30015
4.14 , 15 , 15.05 , 0 , 2.68 , -0.0500002 , 0.155099 , -0.984417 , 1.29461 , 0.155471 , -0.990869 , 1.29849
4.16 , 15 , 15.03 , 0 , 2.94 , -0.0299997 , 0.155115 , -0.984829 , 1.29506 , 0.155886 , -0.990869 , 1.29642
4.18 , 15 , 14.99 , 0 , 3.15 , 0.0100002 , 0.15516 , -0.985965 , 1.29629 , 0.155886 , -0.990454 , 1.29518
4.2 , 15 , 15.01 , 0 , 3.14 , -0.0100002 , 0.155137 , -0.985377 , 1.29565 , 0.155886 , -0.990869 , 1.29435
4.22 , 15 , 15.01 , 0 , 3.22 , -0.0100002 , 0.155135 , -0.985337 , 1.29561 , 0.155886 , -0.990454 , 1.29435
4.24 , 15 , 15.06 , 0 , 3.23 , -0.0600004 , 0.155071 , -0.983724 , 1.29387 , 0.155471 , -0.989625 , 1.29435
4.26 , 15 , 15.05 , 0 , 3.16 , -0.0500002 , 0.155074 , -0.983806 , 1.29395 , 0.155471 , -0.987137 , 1.29393
4.28 , 15 , 15.11 , 0 , 3.11 , -0.11 , 0.154992 , -0.981734 , 1.29172 , 0.155886 , -0.983821 , 1.29352
4.3 , 15 , 15.11 , 0 , 3.03 , -0.11 , 0.154975 , -0.981321 , 1.29127 , 0.155056 , -0.983406 , 1.2931
4.32 , 15 , 15.11 , 0 , 3.1 , -0.11 , 0.15496 , -0.980922 , 1.29084 , 0.155056 , -0.982577 , 1.2902
4.34 , 15 , 15.1 , 0 , 2.77 , -0.1 , 0.154957 , -0.980848 , 1.29076 , 0.155056 , -0.982577 , 1.2902
4.36 , 15 , 15.03 , 0 , 2.55 , -0.0299997 , 0.155031 , -0.982712 , 1.29277 , 0.154642 , -0.981748 , 1.2902
4.38 , 15 , 14.99 , 0 , 2.48 , 0.0100002 , 0.155079 , -0.983912 , 1.29407 , 0.154642 , -0.981748 , 1.28979
4.4 , 15 , 14.96 , 0 , 2.58 , 0.04 , 0.15512 , -0.984946 , 1.29519 , 0.154642 , -0.981333 , 1.2902
4.42 , 15 , 14.92 , 0 , 2.5 , 0.0799999 , 0.155178 , -0.986402 , 1.29676 , 0.153813 , -0.981748 , 1.2902
4.44 , 15 , 14.9 , 0 , 2.2 , 0.1 , 0.155216 , -0.987372 , 1.2978 , 0.153398 , -0.981748 , 1.29062
4.46 , 15 , 14.89 , 0 , 1.95 , 0.11 , 0.155245 , -0.988089 , 1.29858 , 0.153813 , -0.981748 , 1.29186
4.48 , 15 , 14.93 , 0 , 1.81 , 0.0699997 , 0.155212 , -0.987253 , 1.29768 , 0.153398 , -0.981333 , 1.29601
4.5 , 15 , 14.95 , 0 , 1.87 , 0.0500002 , 0.155197 , -0.986873 , 1.29727 , 0.153398 , -0.981748 , 1.29642
4.52 , 15 , 14.95 , 0 , 2.01 , 0.0500002 , 0.155203 , -0.987039 , 1.29744 , 0.153398 , -0.981748 , 1.29808
4.54 , 15 , 14.93 , 0 , 2.17 , 0.0699997 , 0.155235 , -0.987833 , 1.2983 , 0.154227 , -0.981748 , 1.29849
4.56 , 15 , 14.92 , 0 , 2.31 , 0.0799999 , 0.155257 , -0.988388 , 1.2989 , 0.154642 , -0.981748 , 1.29849
4.58 , 15 , 14.98 , 0 , 2.69 , 0.0200005 , 0.155192 , -0.986771 , 1.29716 , 0.153398 , -0.981748 , 1.29849
4.6 , 15 , 15.03 , 0 , 3.11 , -0.0299997 , 0.155131 , -0.985224 , 1.29549 , 0.153813 , -0.985064 , 1.29808
4.62 , 15 , 15.05 , 0 , 3.22 , -0.0500002 , 0.155099 , -0.984431 , 1.29463 , 0.153398 , -0.985894 , 1.29932
4.64 , 15 , 15.02 , 0 , 2.96 , -0.0200005 , 0.155128 , -0.98515 , 1.29541 , 0.153813 , -0.985894 , 1.29891
4.66 , 15 , 15.02 , 0 , 2.94 , -0.0200005 , 0.155124 , -0.985059 , 1.29531 , 0.154642 , -0.985894 , 1.29891
4.68 , 15 , 15.03 , 0 , 2.84 , -0.0299997 , 0.155108 , -0.984658 , 1.29487 , 0.155056 , -0.985894 , 1.29849
4.7 , 15 , 15.1 , 0 , 3.08 , -0.1 , 0.155016 , -0.982332 , 1.29236 , 0.154642 , -0.985894 , 1.29766
4.72 , 15 , 15.14 , 0 , 3.53 , -0.14 , 0.15495 , -0.980678 , 1.29058 , 0.155056 , -0.985894 , 1.29518
4.74 , 15 , 15.2 , 0 , 3.85 , -0.2 , 0.154854 , -0.978253 , 1.28796 , 0.155056 , -0.985894 , 1.29145
4.76 , 15 , 15.27 , 0 , 4.03 , -0.27 , 0.154737 , -0.975293 , 1.28477 , 0.155056 , -0.986308 , 1.28979
4.78 , 15 , 15.24 , 0 , 4.13 , -0.24 , 0.154734 , -0.975233 , 1.2847 , 0.155056 , -0.985894 , 1.28647
4.8 , 15 , 15.22 , 0 , 4.09 , -0.22 , 0.154726 , -0.975012 , 1.28446 , 0.155056 , -0.985894 , 1.28274
4.82 , 15 , 15.15 , 0 , 3.86 , -0.15 , 0.154783 , -0.976464 , 1.28603 , 0.155471 , -0.983406 , 1.28274
4.84 , 15 , 15.04 , 0 , 3.54 , -0.04 , 0.154902 , -0.979464 , 1.28927 , 0.155056 , -0.980089 , 1.28274
4.86 , 15 , 15.02 , 0 , 3.51 , -0.0200005 , 0.154925 , -0.980059 , 1.28991 , 0.155471 , -0.980089 , 1.28274
4.88 , 15 , 15.01 , 0 , 3.49 , -0.0100002 , 0.154939 , -0.980396 , 1.29027 , 0.155471 , -0.980089 , 1.28274
4.9 , 15 , 15 , 0 , 3.43 , 0 , 0.154953 , -0.980755 , 1.29066 , 0.155056 , -0.980089 , 1.28315
4.92 , 15 , 15.02 , 0 , 3.39 , -0.0200005 , 0.154931 , -0.980194 , 1.29006 , 0.155471 , -0.980089 , 1.28647
4.94 , 15 , 15 , 0 , 3.19 , 0 , 0.154955 , -0.980801 , 1.29071 , 0.155471 , -0.980089 , 1.28813
4.96 , 15 , 15 , 0 , 3.08 , 0 , 0.154957 , -0.980851 , 1.29076 , 0.155471 , -0.980089 , 1.28854
4.98 , 15 , 15.04 , 0 , 3.01 , -0.04 , 0.154908 , -0.979627 , 1.28944 , 0.155471 , -0.980089 , 1.2902
5 , 15 , 15.05 , 0 , 3.07 , -0.0500002 , 0.15489 , -0.979177 , 1.28896 , 0.155471 , -0.980089 , 1.29103
0 , 15 , 0.25 , 45 , 267.09 , 14.75 , 0.533628 , -0.404153 , 0.28235 , 0 , -0.000829179 , 0
0.02 , 15 , 0.19 , 45 , 267.08 , 14.81 , 0.586411 , -0.473664 , 0.302365 , 0 , -0.000829179 , 0
0.04 , 15 , 0.38 , 45 , 249.9 , 14.62 , 0.630081 , -0.530939 , 0.318987 , 0.00290213 , -0.0037313 , 0
0.06 , 15 , 0.52 , 45 , 245.3 , 14.48 , 0.672912 , -0.586908 , 0.335344 , 0.00995015 , -0.0153398 , 0.0107793
0.08 , 15 , 0.65 , 45 , 245.1 , 14.35 , 0.714452 , -0.640998 , 0.351261 , 0.0199003 , -0.0248754 , 0.0228024
0.1 , 15 , 0.83 , 45 , 228.07 , 14.17 , 0.753346 , -0.691469 , 0.366209 , 0.0435319 , -0.0476778 , 0.0422881
0.12 , 15 , 1.06 , 45 , 221.88 , 13.94 , 0.789581 , -0.738343 , 0.380175 , 0.0584571 , -0.0634322 , 0.06053
0.14 , 15 , 1.13 , 45 , 219.05 , 13.87 , 0.82893 , -0.789082 , 0.395385 , 0.0895513 , -0.094941 , 0.0916243
0.16 , 15 , 0.88 , 45 , 209.98 , 14.12 , 0.876523 , -0.850228 , 0.413841 , 0.111525 , -0.119402 , 0.114841
0.18 , 15 , 0.56 , 45 , 197.74 , 14.44 , 0.926624 , -0.914334 , 0.433341 , 0.151325 , -0.162104 , 0.1563
0.2 , 15 , 0.29 , 45 , 184.59 , 14.71 , 0.976137 , -0.977424 , 0.452682 , 0.179103 , -0.191126 , 0.187809
0.22 , 15 , 0.08 , 45 , 335.76 , 14.92 , 1.02459 , -1.03891 , 0.471677 , 0.215586 , -0.235072 , 0.228024
0.24 , 15 , 0.52 , 45 , 15.39 , 14.48 , 1.05562 , -1.07816 , 0.483876 , 0.257875 , -0.279019 , 0.271141
0.26 , 15 , 1.22 , 45 , 9.98 , 13.78 , 1.07777 , -1.10611 , 0.4926 , 0.30265 , -0.330842 , 0.3126
0.28 , 15 , 1.83 , 45 , 18.96 , 13.17 , 1.1 , -1.13411 , 0.501371 , 0.359034 , -0.386397 , 0.346182
0.3 , 15 , 2.4 , 45 , 20.42 , 12.6 , 1.12134 , -1.16095 , 0.509803 , 0.403395 , -0.432002 , 0.377691
0.32 , 15 , 3.07 , 45 , 20.86 , 11.93 , 1.13805 , -1.18193 , 0.516416 , 0.464755 , -0.494605 , 0.406712
0.34 , 15 , 3.58 , 45 , 20.89 , 11.42 , 1.15711 , -1.20582 , 0.523966 , 0.540625 , -0.57545 , 0.443196
0.36 , 15 , 3.86 , 45 , 19.33 , 11.14 , 1.1811 , -1.23583 , 0.533484 , 0.598252 , -0.632663 , 0.460609
0.38 , 15 , 4.24 , 45 , 16.65 , 10.76 , 1.20157 , -1.2614 , 0.541621 , 0.658783 , -0.706046 , 0.487143
0.4 , 15 , 4.63 , 45 , 20.69 , 10.37 , 1.22068 , -1.28523 , 0.549225 , 0.730921 , -0.770307 , 0.504555
0.42 , 15 , 5.38 , 45 , 25.28 , 9.62 , 1.22855 , -1.29503 , 0.552357 , 0.794353 , -0.825862 , 0.51948
0.44 , 15 , 6.45 , 45 , 26.91 , 8.55 , 1.22501 , -1.29062 , 0.550949 , 0.859444 , -0.895928 , 0.538137
0.46 , 15 , 7.7 , 45 , 30.94 , 7.3 , 1.21296 , -1.2756 , 0.54615 , 0.906707 , -0.953141 , 0.546843
0.48 , 15 , 8.52 , 45 , 32.62 , 6.48 , 1.20901 , -1.27068 , 0.544579 , 0.932412 , -0.996258 , 0.553062
0.5 , 15 , 9.72 , 45 , 36.68 , 5.28 , 1.192 , -1.24945 , 0.537813 , 0.975529 , -1.0543 , 0.556794
0.52 , 15 , 10.43 , 45 , 38.73 , 4.57 , 1.18502 , -1.24073 , 0.535041 , 1.02279 , -1.08871 , 0.556379
0.54 , 15 , 11.18 , 45 , 40.48 , 3.82 , 1.17499 , -1.22819 , 0.531058 , 1.08705 , -1.13722 , 0.555964
0.56 , 15 , 11.26 , 45 , 39.56 , 3.74 , 1.18167 , -1.23654 , 0.53371 , 1.10322 , -1.16707 , 0.551404
0.58 , 15 , 11.07 , 45 , 39.55 , 3.93 , 1.19619 , -1.25469 , 0.539481 , 1.12229 , -1.19858 , 0.536893
0.6 , 15 , 11.22 , 45 , 40.1 , 3.78 , 1.20225 , -1.26225 , 0.541891 , 1.13597 , -1.22801 , 0.535235
0.62 , 15 , 11.62 , 45 , 41.67 , 3.38 , 1.20104 , -1.26074 , 0.541409 , 1.15007 , -1.25082 , 0.533577
0.64 , 15 , 12.08 , 45 , 42.88 , 2.92 , 1.197 , -1.25569 , 0.5398 , 1.16458 , -1.26823 , 0.533577
0.66 , 15 , 12.97 , 45 , 44.19 , 2.03 , 1.17951 , -1.23385 , 0.532853 , 1.18324 , -1.28647 , 0.534406
0.68 , 15 , 13.46 , 45 , 44.94 , 1.54 , 1.1704 , -1.22245 , 0.529237 , 1.19982 , -1.29393 , 0.536479
0.7 , 15 , 13.91 , 45 , 45.43 , 1.09 , 1.16103 , -1.21072 , 0.52552 , 1.23175 , -1.30181 , 0.536064
0.72 , 15 , 14.1 , 45 , 45.11 , 0.9 , 1.1577 , -1.20655 , 0.524199 , 1.24335 , -1.30347 , 0.536064
0.74 , 15 , 14.01 , 45 , 44.22 , 0.99 , 1.16186 , -1.21176 , 0.525848 , 1.24543 , -1.30347 , 0.528187
0.76 , 15 , 13.88 , 45 , 43.79 , 1.12 , 1.1677 , -1.21908 , 0.528167 , 1.24501 , -1.30305 , 0.526114
0.78 , 15 , 13.92 , 45 , 43.82 , 1.08 , 1.16939 , -1.22119 , 0.528838 , 1.2446 , -1.30305 , 0.526114
0.8 , 15 , 14.19 , 45 , 45.16 , 0.81 , 1.16458 , -1.21517 , 0.526929 , 1.2446 , -1.2844 , 0.525699
0.82 , 15 , 14.47 , 45 , 46.45 , 0.53 , 1.15864 , -1.20773 , 0.524573 , 1.23506 , -1.26242 , 0.526114
0.84 , 15 , 15.08 , 45 , 47.79 , -0.0799999 , 1.14258 , -1.1876 , 0.518208 , 1.22262 , -1.2417 , 0.525699
0.86 , 15 , 15.42 , 45 , 48.69 , -0.42 , 1.13209 , -1.17444 , 0.514055 , 1.20604 , -1.22677 , 0.525699
0.88 , 15 , 15.53 , 45 , 48.56 , -0.53 , 1.12706 , -1.16813 , 0.512066 , 1.18821 , -1.20936 , 0.517408
0.9 , 15 , 15.18 , 45 , 48.21 , -0.18 , 1.13475 , -1.17778 , 0.515107 , 1.17287 , -1.19692 , 0.511603
0.92 , 15 , 14.87 , 45 , 46.32 , 0.13 , 1.1427 , -1.18776 , 0.518257 , 1.15836 , -1.18448 , 0.510774
0.94 , 15 , 14.49 , 45 , 45.44 , 0.51 , 1.15377 , -1.20163 , 0.522642 , 1.15256 , -1.17578 , 0.511189
0.96 , 15 , 14.35 , 45 , 45.67 , 0.65 , 1.15944 , -1.20873 , 0.524888 , 1.1509 , -1.17204 , 0.511603
0.98 , 15 , 14.44 , 45 , 46.88 , 0.56 , 1.15908 , -1.20828 , 0.524745 , 1.1509 , -1.17121 , 0.516164
1 , 15 , 14.78 , 45 , 48.93 , 0.22 , 1.15132 , -1.19856 , 0.521672 , 1.14966 , -1.17121 , 0.521139
1.02 , 15 , 14.99 , 45 , 50.9 , 0.0100002 , 1.146 , -1.19189 , 0.519563 , 1.15463 , -1.17121 , 0.522383
1.04 , 15 , 15.14 , 45 , 52.16 , -0.14 , 1.14166 , -1.18645 , 0.517844 , 1.16251 , -1.17121 , 0.522797
1.06 , 15 , 15.08 , 45 , 52.17 , -0.0799999 , 1.14274 , -1.18781 , 0.518272 , 1.16665 , -1.18075 , 0.522797
1.08 , 15 , 14.9 , 45 , 51.15 , 0.1 , 1.14745 , -1.19371 , 0.520138 , 1.1679 , -1.1936 , 0.522383
1.1 , 15 , 14.67 , 45 , 49.99 , 0.33 , 1.15422 , -1.20219 , 0.52282 , 1.16831 , -1.1936 , 0.522797
1.12 , 15 , 14.67 , 45 , 48.44 , 0.33 , 1.15532 , -1.20357 , 0.523255 , 1.1679 , -1.1936 , 0.522797
1.14 , 15 , 14.88 , 45 , 47.57 , 0.12 , 1.15046 , -1.19749 , 0.521332 , 1.16831 , -1.1965 , 0.522797
1.16 , 15 , 15.34 , 45 , 47.47 , -0.34 , 1.13783 , -1.18164 , 0.516326 , 1.16748 , -1.20148 , 0.522383
1.18 , 15 , 15.62 , 45 , 48.07 , -0.62 , 1.12864 , -1.17011 , 0.51269 , 1.16417 , -1.20272 , 0.522383
1.2 , 15 , 15.48 , 45 , 49.13 , -0.48 , 1.13035 , -1.17226 , 0.513367 , 1.15836 , -1.20272 , 0.516164
1.22 , 15 , 15.27 , 45 , 50.24 , -0.27 , 1.13464 , -1.17764 , 0.515064 , 1.14883 , -1.20272 , 0.513262
1.24 , 15 , 15.03 , 45 , 50.89 , -0.0299997 , 1.14056 , -1.18507 , 0.517409 , 1.13597 , -1.19153 , 0.512432
1.26 , 15 , 14.95 , 45 , 51.43 , 0.0500002 , 1.14284 , -1.18793 , 0.518313 , 1.13432 , -1.18158 , 0.512432
1.28 , 15 , 15.3 , 45 , 51.6 , -0.3 , 1.1333 , -1.17596 , 0.514534 , 1.13432 , -1.17743 , 0.512847
1.3 , 15 , 15.83 , 45 , 51.14 , -0.83 , 1.11743 , -1.15604 , 0.508258 , 1.13432 , -1.17743 , 0.513262
1.32 , 15 , 16.07 , 45 , 50.63 , -1.07 , 1.10787 , -1.14401 , 0.504479 , 1.13432 , -1.17743 , 0.513262
1.34 , 15 , 15.98 , 45 , 49.81 , -0.98 , 1.10684 , -1.14272 , 0.504071 , 1.13432 , -1.17163 , 0.512847
1.36 , 15 , 15.6 , 45 , 49.23 , -0.6 , 1.11438 , -1.1522 , 0.507052 , 1.13349 , -1.16417 , 0.508701
1.38 , 15 , 15.08 , 45 , 49.1 , -0.0799999 , 1.12727 , -1.16839 , 0.512149 , 1.13473 , -1.15339 , 0.502482
1.4 , 15 , 14.96 , 45 , 48.5 , 0.04 , 1.13076 , -1.17278 , 0.513531 , 1.12727 , -1.14883 , 0.502068
1.42 , 15 , 14.87 , 45 , 48.89 , 0.13 , 1.13374 , -1.17651 , 0.514708 , 1.11359 , -1.14717 , 0.50497
1.44 , 15 , 15.15 , 45 , 50.02 , -0.15 , 1.12656 , -1.16751 , 0.51187 , 1.11276 , -1.14717 , 0.51036
1.46 , 15 , 15.46 , 45 , 51.38 , -0.46 , 1.11749 , -1.15611 , 0.508282 , 1.114 , -1.14717 , 0.511603
1.48 , 15 , 15.58 , 45 , 52.27 , -0.58 , 1.11266 , -1.15004 , 0.506372 , 1.11566 , -1.14717 , 0.511189
1.5 , 15 , 15.6 , 45 , 52.54 , -0.6 , 1.11026 , -1.14702 , 0.505425 , 1.12105 , -1.14758 , 0.511603
1.52 , 15 , 15.29 , 45 , 51.84 , -0.29 , 1.1171 , -1.15561 , 0.508126 , 1.12105 , -1.14966 , 0.511603
1.54 , 15 , 14.84 , 45 , 50.55 , 0.16 , 1.12898 , -1.17054 , 0.512826 , 1.12064 , -1.15712 , 0.511189
1.56 , 15 , 14.44 , 45 , 49.1 , 0.56 , 1.14102 , -1.18564 , 0.51759 , 1.12064 , -1.15712 , 0.51036
1.58 , 15 , 14.29 , 45 , 47.95 , 0.71 , 1.14735 , -1.19358 , 0.520097 , 1.12105 , -1.15753 , 0.51036
1.6 , 15 , 14.45 , 45 , 47.55 , 0.55 , 1.14537 , -1.19111 , 0.519315 , 1.12105 , -1.15712 , 0.51036
1.62 , 15 , 14.79 , 45 , 47.85 , 0.21 , 1.13767 , -1.18145 , 0.516265 , 1.12561 , -1.15961 , 0.514505
1.64 , 15 , 15.21 , 45 , 48.88 , -0.21 , 1.12648 , -1.1674 , 0.511835 , 1.13266 , -1.17121 , 0.515335
1.66 , 15 , 15.43 , 45 , 50.37 , -0.43 , 1.11943 , -1.15855 , 0.509049 , 1.13805 , -1.18034 , 0.515335
1.68 , 15 , 15.24 , 45 , 51.53 , -0.24 , 1.12318 , -1.16326 , 0.510533 , 1.13846 , -1.18117 , 0.51492
1.7 , 15 , 15.09 , 45 , 52.12 , -0.0900002 , 1.12656 , -1.16751 , 0.51187 , 1.13929 , -1.18158 , 0.515335
1.72 , 15 , 14.95 , 45 , 51.89 , 0.0500002 , 1.13021 , -1.17208 , 0.51331 , 1.13888 , -1.18158 , 0.51492
1.74 , 15 , 14.96 , 45 , 50.95 , 0.04 , 1.13012 , -1.17197 , 0.513275 , 1.13888 , -1.18117 , 0.514091
1.76 , 15 , 15.06 , 45 , 49.88 , -0.0600004 , 1.12744 , -1.1686 , 0.512215 , 1.13888 , -1.17909 , 0.513262
1.78 , 15 , 15.28 , 45 , 48.77 , -0.28 , 1.12103 , -1.16056 , 0.509682 , 1.13639 , -1.17329 , 0.512018
1.8 , 15 , 15.42 , 45 , 48.2 , -0.42 , 1.11612 , -1.15439 , 0.507739 , 1.13266 , -1.16997 , 0.51036
1.82 , 15 , 15.41 , 45 , 48.04 , -0.41 , 1.11498 , -1.15295 , 0.507288 , 1.12478 , -1.16375 , 0.507043
1.84 , 15 , 15.36 , 45 , 48.44 , -0.36 , 1.11506 , -1.15305 , 0.50732 , 1.11815 , -1.15878 , 0.506628
1.86 , 15 , 15.26 , 45 , 49.48 , -0.26 , 1.11676 , -1.15519 , 0.507992 , 1.11317 , -1.15463 , 0.506628
1.88 , 15 , 15.27 , 45 , 50.95 , -0.27 , 1.11574 , -1.15391 , 0.507589 , 1.11317 , -1.15463 , 0.506628
1.9 , 15 , 15.27 , 45 , 51.87 , -0.27 , 1.11495 , -1.15292 , 0.507278 , 1.11359 , -1.15463 , 0.505799
1.92 , 15 , 15.27 , 45 , 52.43 , -0.27 , 1.11416 , -1.15193 , 0.506966 , 1.11359 , -1.15463 , 0.505799
1.94 , 15 , 15.26 , 45 , 52.32 , -0.26 , 1.11366 , -1.15129 , 0.506766 , 1.11276 , -1.15422 , 0.505799
1.96 , 15 , 15.14 , 45 , 51.32 , -0.14 , 1.11628 , -1.15459 , 0.507803 , 1.11234 , -1.15339 , 0.505384
1.98 , 15 , 15 , 45 , 50.11 , 0 , 1.11989 , -1.15913 , 0.509232 , 1.11193 , -1.15339 , 0.505799
2 , 15 , 14.83 , 45 , 48.67 , 0.17 , 1.12483 , -1.16533 , 0.511183 , 1.11234 , -1.15297 , 0.505384
2.02 , 15 , 14.88 , 45 , 48.14 , 0.12 , 1.12415 , -1.16448 , 0.510916 , 1.11234 , -1.15297 , 0.505799
2.04 , 15 , 15.1 , 45 , 48.59 , -0.1 , 1.11847 , -1.15734 , 0.508669 , 1.11732 , -1.15297 , 0.505799
2.06 , 15 , 15.36 , 45 , 49.47 , -0.36 , 1.11086 , -1.14777 , 0.505659 , 1.11815 , -1.15339 , 0.506628
2.08 , 15 , 15.69 , 45 , 50.87 , -0.69 , 1.10037 , -1.13458 , 0.501518 , 1.11898 , -1.15297 , 0.506628
2.1 , 15 , 15.82 , 45 , 51.83 , -0.82 , 1.09438 , -1.12704 , 0.499152 , 1.11939 , -1.15297 , 0.506628
2.12 , 15 , 15.74 , 45 , 52.43 , -0.74 , 1.0939 , -1.12643 , 0.498963 , 1.11856 , -1.15297 , 0.506628
2.14 , 15 , 15.44 , 45 , 52.34 , -0.44 , 1.09995 , -1.13405 , 0.501351 , 1.10239 , -1.14219 , 0.503726
2.16 , 15 , 14.72 , 45 , 51.55 , 0.28 , 1.11888 , -1.15786 , 0.508832 , 1.09493 , -1.13266 , 0.500409
2.18 , 15 , 14.83 , 45 , 50.27 , 0.17 , 1.11708 , -1.15559 , 0.508119 , 1.09327 , -1.13224 , 0.499995
2.2 , 15 , 14.86 , 45 , 49.05 , 0.14 , 1.117 , -1.15549 , 0.508087 , 1.09369 , -1.13224 , 0.500824
2.22 , 15 , 14.88 , 45 , 48.44 , 0.12 , 1.11704 , -1.15554 , 0.508102 , 1.09742 , -1.13224 , 0.502482
2.24 , 15 , 14.85 , 45 , 48.5 , 0.15 , 1.11838 , -1.15722 , 0.508632 , 1.10654 , -1.13266 , 0.505384
2.26 , 15 , 14.85 , 45 , 48.5 , 0.15 , 1.11896 , -1.15796 , 0.508863 , 1.1111 , -1.13266 , 0.507043
2.28 , 15 , 14.83 , 45 , 48.96 , 0.17 , 1.12008 , -1.15937 , 0.509306 , 1.11442 , -1.13597 , 0.507043
2.3 , 15 , 14.67 , 45 , 50.33 , 0.33 , 1.12517 , -1.16576 , 0.51132 , 1.11773 , -1.15546 , 0.51036
2.32 , 15 , 14.62 , 45 , 50.51 , 0.38 , 1.12771 , -1.16895 , 0.512324 , 1.11856 , -1.15546 , 0.51036
2.34 , 15 , 14.37 , 45 , 51.03 , 0.63 , 1.13598 , -1.17933 , 0.515596 , 1.11898 , -1.16044 , 0.511189
2.36 , 15 , 14.64 , 45 , 51.07 , 0.36 , 1.13049 , -1.17244 , 0.513423 , 1.12312 , -1.17412 , 0.515335
2.38 , 15 , 14.69 , 45 , 51.04 , 0.31 , 1.13014 , -1.17199 , 0.513283 , 1.12561 , -1.17743 , 0.515335
2.4 , 15 , 15.19 , 45 , 50.22 , -0.19 , 1.11699 , -1.15548 , 0.508084 , 1.1281 , -1.18034 , 0.515749
2.42 , 15 , 15.24 , 45 , 50.02 , -0.24 , 1.1147 , -1.1526 , 0.507179 , 1.1281 , -1.18034 , 0.515749
2.44 , 15 , 15.48 , 45 , 48.69 , -0.48 , 1.107 , -1.14292 , 0.504135 , 1.12851 , -1.18034 , 0.515749
2.46 , 15 , 15.43 , 45 , 48.5 , -0.43 , 1.10664 , -1.14247 , 0.503993 , 1.1281 , -1.18034 , 0.51492
2.48 , 15 , 14.92 , 45 , 48.54 , 0.0799999 , 1.11944 , -1.15856 , 0.509053 , 1.1281 , -1.16126 , 0.505799
2.5 , 15 , 14.82 , 45 , 48.64 , 0.18 , 1.12261 , -1.16254 , 0.510306 , 1.12146 , -1.15422 , 0.505799
2.52 , 15 , 14.94 , 45 , 49.32 , 0.0600004 , 1.11991 , -1.15915 , 0.509239 , 1.11483 , -1.14675 , 0.504555
2.54 , 15 , 15 , 45 , 49.41 , 0 , 1.11844 , -1.1573 , 0.508655 , 1.11442 , -1.14675 , 0.50497
2.56 , 15 , 15.24 , 45 , 50.53 , -0.24 , 1.1117 , -1.14883 , 0.505993 , 1.11442 , -1.14675 , 0.504555
2.58 , 15 , 15.21 , 45 , 50.62 , -0.21 , 1.1117 , -1.14884 , 0.505995 , 1.11442 , -1.14675 , 0.504555
2.6 , 15 , 15.1 , 45 , 50.7 , -0.1 , 1.11411 , -1.15186 , 0.506945 , 1.11483 , -1.14675 , 0.50497
2.62 , 15 , 14.72 , 45 , 50.03 , 0.28 , 1.1245 , -1.16492 , 0.511055 , 1.114 , -1.14675 , 0.50497
2.64 , 15 , 14.69 , 45 , 49.92 , 0.31 , 1.12642 , -1.16733 , 0.511813 , 1.11359 , -1.14675 , 0.505384
2.66 , 15 , 14.6 , 45 , 49.33 , 0.4 , 1.13005 , -1.17189 , 0.51325 , 1.11359 , -1.14675 , 0.505799
2.68 , 15 , 14.74 , 45 , 48.59 , 0.26 , 1.12749 , -1.16867 , 0.512236 , 1.11856 , -1.14883 , 0.510774
2.7 , 15 , 14.78 , 45 , 48.55 , 0.22 , 1.12718 , -1.16828 , 0.512114 , 1.12064 , -1.15546 , 0.511189
2.72 , 15 , 14.96 , 45 , 49.18 , 0.04 , 1.12279 , -1.16277 , 0.510379 , 1.12602 , -1.16914 , 0.512018
2.74 , 15 , 14.92 , 45 , 49.35 , 0.0799999 , 1.12394 , -1.16422 , 0.510833 , 1.12561 , -1.16997 , 0.512018
2.76 , 15 , 14.81 , 45 , 49.74 , 0.19 , 1.12722 , -1.16834 , 0.51213 , 1.12644 , -1.16997 , 0.512432
2.78 , 15 , 14.67 , 45 , 50.14 , 0.33 , 1.13174 , -1.17401 , 0.513919 , 1.12561 , -1.16997 , 0.512432
2.8 , 15 , 14.67 , 45 , 50.18 , 0.33 , 1.13281 , -1.17535 , 0.514341 , 1.12644 , -1.16997 , 0.512432
2.82 , 15 , 14.74 , 45 , 50.01 , 0.26 , 1.13187 , -1.17417 , 0.513971 , 1.12644 , -1.16997 , 0.513676
2.84 , 15 , 15.03 , 45 , 49.31 , -0.0299997 , 1.12449 , -1.16491 , 0.51105 , 1.1281 , -1.17536 , 0.514505
2.86 , 15 , 15.07 , 45 , 49.16 , -0.0699997 , 1.1231 , -1.16316 , 0.510499 , 1.12768 , -1.17536 , 0.514505
2.88 , 15 , 15.07 , 45 , 48.95 , -0.0699997 , 1.12274 , -1.1627 , 0.510357 , 1.12727 , -1.17495 , 0.514505
2.9 , 15 , 14.88 , 45 , 48.62 , 0.12 , 1.12775 , -1.169 , 0.512339 , 1.1281 , -1.17495 , 0.51492
2.92 , 15 , 14.85 , 45 , 48.68 , 0.15 , 1.12898 , -1.17054 , 0.512824 , 1.12768 , -1.17536 , 0.51492
2.94 , 15 , 14.76 , 45 , 49.18 , 0.24 , 1.13198 , -1.1743 , 0.514012 , 1.12768 , -1.1708 , 0.514091
2.96 , 15 , 14.75 , 45 , 49.31 , 0.25 , 1.13304 , -1.17564 , 0.514432 , 1.1281 , -1.17121 , 0.513676
2.98 , 15 , 14.86 , 45 , 49.66 , 0.14 , 1.13074 , -1.17276 , 0.513523 , 1.1281 , -1.1708 , 0.513676
3 , 15 , 15.16 , 45 , 50.1 , -0.16 , 1.12271 , -1.16267 , 0.510347 , 1.12893 , -1.17121 , 0.512847
3.02 , 15 , 15.19 , 45 , 50.05 , -0.19 , 1.12121 , -1.16078 , 0.509751 , 1.1281 , -1.1708 , 0.512432
3.04 , 15 , 15.24 , 45 , 50.01 , -0.24 , 1.11909 , -1.15812 , 0.508915 , 1.1281 , -1.1708 , 0.510774
3.06 , 15 , 15.09 , 45 , 49.5 , -0.0900002 , 1.12246 , -1.16235 , 0.510245 , 1.12851 , -1.16251 , 0.508287
3.08 , 15 , 15.06 , 45 , 49.37 , -0.0600004 , 1.12302 , -1.16305 , 0.510467 , 1.12934 , -1.16044 , 0.507872
3.1 , 15 , 15.05 , 45 , 48.96 , -0.0500002 , 1.12312 , -1.16318 , 0.510507 , 1.12768 , -1.16044 , 0.507872
3.12 , 15 , 15.04 , 45 , 48.99 , -0.04 , 1.12325 , -1.16335 , 0.51056 , 1.12851 , -1.16044 , 0.507872
3.14 , 15 , 15.02 , 45 , 49.47 , -0.0200005 , 1.1237 , -1.16391 , 0.510738 , 1.1281 , -1.16044 , 0.507872
3.16 , 15 , 15.02 , 45 , 49.59 , -0.0200005 , 1.12366 , -1.16386 , 0.510722 , 1.12768 , -1.16044 , 0.508287
3.18 , 15 , 15.02 , 45 , 50.35 , -0.0200005 , 1.12362 , -1.16382 , 0.510707 , 1.12561 , -1.16044 , 0.507872
3.2 , 15 , 15.02 , 45 , 50.42 , -0.0200005 , 1.12359 , -1.16377 , 0.510693 , 1.12602 , -1.16044 , 0.508287
3.22 , 15 , 15 , 45 , 50.39 , 0 , 1.12412 , -1.16443 , 0.510901 , 1.12354 , -1.16044 , 0.508701
3.24 , 15 , 15.02 , 45 , 50.32 , -0.0200005 , 1.12359 , -1.16377 , 0.510691 , 1.12437 , -1.16044 , 0.508287
3.26 , 15 , 15.3 , 45 , 49.9 , -0.3 , 1.11568 , -1.15384 , 0.507566 , 1.12271 , -1.16044 , 0.509945
3.28 , 15 , 15.35 , 45 , 49.89 , -0.35 , 1.11323 , -1.15076 , 0.506598 , 1.12437 , -1.16044 , 0.509945
3.3 , 15 , 15.56 , 45 , 49.67 , -0.56 , 1.10617 , -1.14187 , 0.503807 , 1.11773 , -1.16044 , 0.509945
3.32 , 15 , 15.56 , 45 , 49.71 , -0.56 , 1.10429 , -1.13951 , 0.503063 , 1.11649 , -1.16044 , 0.511189
3.34 , 15 , 15.42 , 45 , 50.11 , -0.42 , 1.10639 , -1.14216 , 0.503896 , 1.10405 , -1.14883 , 0.508701
3.36 , 15 , 15.37 , 45 , 50.2 , -0.37 , 1.10652 , -1.14232 , 0.503946 , 1.10281 , -1.14551 , 0.506214
3.38 , 15 , 15.34 , 45 , 50.59 , -0.34 , 1.10627 , -1.14201 , 0.503848 , 1.10198 , -1.1451 , 0.503726
3.4 , 15 , 15.3 , 45 , 50.62 , -0.3 , 1.10642 , -1.14219 , 0.503905 , 1.10239 , -1.1451 , 0.503726
3.42 , 15 , 15.25 , 45 , 50.4 , -0.25 , 1.10698 , -1.1429 , 0.504129 , 1.10239 , -1.1451 , 0.502482
3.44 , 15 , 15.24 , 45 , 50.33 , -0.24 , 1.1066 , -1.14242 , 0.503979 , 1.10156 , -1.1451 , 0.502482
3.46 , 15 , 15 , 45 , 49.83 , 0 , 1.1127 , -1.15009 , 0.506387 , 1.10281 , -1.1451 , 0.502068
3.48 , 15 , 14.94 , 45 , 49.74 , 0.0600004 , 1.11459 , -1.15247 , 0.507136 , 1.10198 , -1.1451 , 0.502068
3.5 , 15 , 14.85 , 45 , 49.41 , 0.15 , 1.11749 , -1.15611 , 0.508281 , 1.10239 , -1.1451 , 0.502068
3.52 , 15 , 14.68 , 45 , 49.04 , 0.32 , 1.1229 , -1.16291 , 0.510422 , 1.10986 , -1.1451 , 0.502068
3.54 , 15 , 14.69 , 45 , 49.06 , 0.31 , 1.12382 , -1.16406 , 0.510784 , 1.11151 , -1.1451 , 0.502897
3.56 , 15 , 14.8 , 45 , 49.37 , 0.2 , 1.12182 , -1.16155 , 0.509994 , 1.11939 , -1.14593 , 0.508287
3.58 , 15 , 14.84 , 45 , 49.47 , 0.16 , 1.12135 , -1.16096 , 0.509808 , 1.12022 , -1.15007 , 0.508701
3.6 , 15 , 14.88 , 45 , 49.71 , 0.12 , 1.12072 , -1.16017 , 0.50956 , 1.12022 , -1.15836 , 0.50953
3.62 , 15 , 14.9 , 45 , 50.49 , 0.1 , 1.1205 , -1.1599 , 0.509473 , 1.12105 , -1.16002 , 0.51036
3.64 , 15 , 14.9 , 45 , 50.53 , 0.1 , 1.12077 , -1.16023 , 0.509579 , 1.11981 , -1.16085 , 0.51036
3.66 , 15 , 14.89 , 45 , 50.42 , 0.11 , 1.12132 , -1.16092 , 0.509795 , 1.12146 , -1.16168 , 0.51036
3.68 , 15 , 14.99 , 45 , 49.8 , 0.0100002 , 1.11881 , -1.15777 , 0.508804 , 1.12188 , -1.16168 , 0.510774
3.7 , 15 , 15 , 45 , 49.68 , 0 , 1.11848 , -1.15735 , 0.508671 , 1.12188 , -1.16168 , 0.510774
3.72 , 15 , 15.07 , 45 , 48.94 , -0.0699997 , 1.11644 , -1.15479 , 0.507866 , 1.12146 , -1.16168 , 0.51036
3.74 , 15 , 15.04 , 45 , 48.86 , -0.04 , 1.11698 , -1.15546 , 0.508078 , 1.12229 , -1.16168 , 0.510774
3.76 , 15 , 14.7 , 45 , 48.47 , 0.3 , 1.12634 , -1.16723 , 0.511782 , 1.12146 , -1.16168 , 0.510774
3.78 , 15 , 14.63 , 45 , 48.48 , 0.37 , 1.12936 , -1.17101 , 0.512974 , 1.12188 , -1.16168 , 0.510774
3.8 , 15 , 14.51 , 45 , 48.68 , 0.49 , 1.13397 , -1.17681 , 0.514801 , 1.12188 , -1.16168 , 0.510774
3.82 , 15 , 14.51 , 45 , 49.44 , 0.49 , 1.13561 , -1.17886 , 0.515447 , 1.12354 , -1.16168 , 0.510774
3.84 , 15 , 14.54 , 45 , 49.5 , 0.46 , 1.13635 , -1.17979 , 0.51574 , 1.12437 , -1.16168 , 0.510774
3.86 , 15 , 14.61 , 45 , 49.67 , 0.39 , 1.13582 , -1.17913 , 0.515533 , 1.12685 , -1.17495 , 0.511189
3.88 , 15 , 14.73 , 45 , 49.33 , 0.27 , 1.13362 , -1.17637 , 0.514663 , 1.1281 , -1.18324 , 0.514505
3.9 , 15 , 14.63 , 45 , 49.32 , 0.37 , 1.13717 , -1.18082 , 0.516065 , 1.12851 , -1.18324 , 0.51492
3.92 , 15 , 14.57 , 45 , 48.64 , 0.43 , 1.13995 , -1.18431 , 0.517169 , 1.12934 , -1.18324 , 0.515749
3.94 , 15 , 14.56 , 45 , 48.58 , 0.44 , 1.14154 , -1.1863 , 0.517795 , 1.12934 , -1.18324 , 0.515749
3.96 , 15 , 14.67 , 45 , 48.29 , 0.33 , 1.13976 , -1.18407 , 0.517092 , 1.13141 , -1.18324 , 0.517408
3.98 , 15 , 14.93 , 45 , 48.3 , 0.0699997 , 1.13337 , -1.17605 , 0.514561 , 1.13266 , -1.18324 , 0.517408
4 , 15 , 14.96 , 45 , 48.34 , 0.04 , 1.13252 , -1.17498 , 0.514225 , 1.13266 , -1.18324 , 0.517408
4.02 , 15 , 14.98 , 45 , 48.63 , 0.0200005 , 1.1319 , -1.1742 , 0.51398 , 1.13266 , -1.18324 , 0.517408
4.04 , 15 , 15.02 , 45 , 49.55 , -0.0200005 , 1.13069 , -1.17269 , 0.513501 , 1.13266 , -1.18324 , 0.517408
4.06 , 15 , 15.02 , 45 , 49.66 , -0.0200005 , 1.1305 , -1.17244 , 0.513425 , 1.13266 , -1.18324 , 0.517408
4.08 , 15 , 14.98 , 45 , 50.08 , 0.0200005 , 1.13146 , -1.17365 , 0.513805 , 1.13266 , -1.17826 , 0.516993
4.1 , 15 , 14.99 , 45 , 50.1 , 0.0100002 , 1.13118 , -1.1733 , 0.513697 , 1.13266 , -1.1766 , 0.516993
4.12 , 15 , 15.09 , 45 , 49.66 , -0.0900002 , 1.12836 , -1.16976 , 0.512578 , 1.13266 , -1.17329 , 0.51492
4.14 , 15 , 15.12 , 45 , 49.55 , -0.12 , 1.12715 , -1.16825 , 0.512103 , 1.13183 , -1.17287 , 0.514505
4.16 , 15 , 15.18 , 45 , 49 , -0.18 , 1.12503 , -1.16559 , 0.511264 , 1.13224 , -1.16873 , 0.511189
4.18 , 15 , 15.16 , 45 , 48.95 , -0.16 , 1.12497 , -1.16551 , 0.511241 , 1.13266 , -1.16831 , 0.511189
4.2 , 15 , 15.17 , 45 , 48.85 , -0.17 , 1.12418 , -1.16451 , 0.510925 , 1.13307 , -1.16541 , 0.51036
4.22 , 15 , 15.18 , 45 , 48.9 , -0.18 , 1.12335 , -1.16348 , 0.5106 , 1.13266 , -1.16541 , 0.509945
4.24 , 15 , 15.16 , 45 , 49.96 , -0.16 , 1.12335 , -1.16347 , 0.510599 , 1.13307 , -1.16375 , 0.509945
4.26 , 15 , 15.15 , 45 , 50.08 , -0.15 , 1.12315 , -1.16322 , 0.510519 , 1.13266 , -1.16334 , 0.50953
4.28 , 15 , 15.18 , 45 , 50.8 , -0.18 , 1.12187 , -1.16161 , 0.510012 , 1.13183 , -1.16292 , 0.509116
4.3 , 15 , 15.17 , 45 , 50.86 , -0.17 , 1.1216 , -1.16128 , 0.509907 , 1.13017 , -1.16292 , 0.50953
4.32 , 15 , 15.05 , 45 , 50.51 , -0.0500002 , 1.12447 , -1.16488 , 0.51104 , 1.12561 , -1.16209 , 0.509116
4.34 , 15 , 15.03 , 45 , 50.38 , -0.0299997 , 1.12496 , -1.16549 , 0.511235 , 1.12478 , -1.16209 , 0.509116
4.36 , 15 , 14.98 , 45 , 49.47 , 0.0200005 , 1.12634 , -1.16723 , 0.511782 , 1.12437 , -1.16209 , 0.508701
4.38 , 15 , 15 , 45 , 49.37 , 0 , 1.12593 , -1.16671 , 0.511617 , 1.12437 , -1.16209 , 0.508701
4.4 , 15 , 15.17 , 45 , 49.14 , -0.17 , 1.12121 , -1.16078 , 0.509752 , 1.12395 , -1.16209 , 0.508701
4.42 , 15 , 15.21 , 45 , 49.22 , -0.21 , 1.11953 , -1.15867 , 0.509086 , 1.12437 , -1.16209 , 0.509116
4.44 , 15 , 15.28 , 45 , 49.94 , -0.28 , 1.11688 , -1.15534 , 0.50804 , 1.12312 , -1.16209 , 0.508701
4.46 , 15 , 15.29 , 45 , 50.04 , -0.29 , 1.11569 , -1.15384 , 0.507568 , 1.12188 , -1.16209 , 0.508701
4.48 , 15 , 15.18 , 45 , 50.6 , -0.18 , 1.11785 , -1.15656 , 0.508422 , 1.11732 , -1.15712 , 0.508701
4.5 , 15 , 15.14 , 45 , 50.63 , -0.14 , 1.11845 , -1.15732 , 0.508662 , 1.11649 , -1.1567 , 0.509116
4.52 , 15 , 15.26 , 45 , 50.53 , -0.26 , 1.11471 , -1.15261 , 0.507181 , 1.11607 , -1.15712 , 0.508701
4.54 , 15 , 15.28 , 45 , 50.54 , -0.28 , 1.11333 , -1.15088 , 0.506637 , 1.11483 , -1.1567 , 0.508701
4.56 , 15 , 15.31 , 45 , 50.29 , -0.31 , 1.11162 , -1.14873 , 0.505962 , 1.11483 , -1.1567 , 0.507872
4.58 , 15 , 15.32 , 45 , 49.68 , -0.32 , 1.11038 , -1.14718 , 0.505473 , 1.11317 , -1.15214 , 0.505799
4.6 , 15 , 15.33 , 45 , 49.64 , -0.33 , 1.10913 , -1.1456 , 0.504977 , 1.11234 , -1.15214 , 0.505384
4.62 , 15 , 15.34 , 45 , 49.48 , -0.34 , 1.10786 , -1.144 , 0.504474 , 1.10986 , -1.15049 , 0.504555
4.64 , 15 , 15.09 , 45 , 49.32 , -0.0900002 , 1.11385 , -1.15153 , 0.506842 , 1.10737 , -1.14675 , 0.503726
4.66 , 15 , 15.07 , 45 , 49.34 , -0.0699997 , 1.11429 , -1.15208 , 0.507015 , 1.10737 , -1.14675 , 0.503312
4.68 , 15 , 14.95 , 45 , 49.82 , 0.0500002 , 1.11756 , -1.1562 , 0.508309 , 1.10654 , -1.14675 , 0.503726
4.7 , 15 , 14.96 , 45 , 49.91 , 0.04 , 1.11759 , -1.15623 , 0.50832 , 1.10612 , -1.14675 , 0.503312
4.72 , 15 , 14.93 , 45 , 50.07 , 0.0699997 , 1.11866 , -1.15758 , 0.508744 , 1.10654 , -1.14675 , 0.503726
4.74 , 15 , 14.9 , 45 , 50.22 , 0.1 , 1.11982 , -1.15904 , 0.509202 , 1.11276 , -1.14675 , 0.505384
4.76 , 15 , 14.91 , 45 , 50.27 , 0.0900002 , 1.11994 , -1.15918 , 0.509248 , 1.11359 , -1.14717 , 0.506214
4.78 , 15 , 14.9 , 45 , 49.94 , 0.1 , 1.12055 , -1.15996 , 0.509492 , 1.11649 , -1.14717 , 0.508287
4.8 , 15 , 14.89 , 45 , 49.37 , 0.11 , 1.12119 , -1.16075 , 0.509742 , 1.12064 , -1.15588 , 0.509945
4.82 , 15 , 14.89 , 45 , 49.29 , 0.11 , 1.12156 , -1.16122 , 0.509889 , 1.12022 , -1.1567 , 0.509945
4.84 , 15 , 14.84 , 45 , 49.16 , 0.16 , 1.12331 , -1.16342 , 0.510583 , 1.12105 , -1.16044 , 0.509945
4.86 , 15 , 14.97 , 45 , 49.63 , 0.0299997 , 1.12018 , -1.15949 , 0.509344 , 1.12271 , -1.16458 , 0.510774
4.88 , 15 , 14.99 , 45 , 49.67 , 0.0100002 , 1.11966 , -1.15883 , 0.509137 , 1.12271 , -1.165 , 0.510774
4.9 , 15 , 15.11 , 45 , 50.2 , -0.11 , 1.11627 , -1.15457 , 0.507798 , 1.12146 , -1.165 , 0.510774
4.92 , 15 , 15.12 , 45 , 50.25 , -0.12 , 1.11555 , -1.15367 , 0.507516 , 1.12271 , -1.16458 , 0.511189
4.94 , 15 , 15.16 , 45 , 50.19 , -0.16 , 1.11399 , -1.15171 , 0.506898 , 1.12188 , -1.16458 , 0.511189
4.96 , 15 , 15.12 , 45 , 49.69 , -0.12 , 1.11455 , -1.15241 , 0.507119 , 1.12312 , -1.16334 , 0.511189
4.98 , 15 , 15.09 , 45 , 49.59 , -0.0900002 , 1.11499 , -1.15297 , 0.507294 , 1.12229 , -1.16002 , 0.510774
5 , 15 , 15.04 , 45 , 49.34 , -0.04 , 1.11612 , -1.15438 , 0.507738 , 1.12105 , -1.1567 , 0.51036
0 , 15 , 0.15 , 90 , 22.2 , 14.85 , 0.701654 , -0.144834 , -0.144834 , 0.000414589 , 0.000829179 , -0.00124377
0.02 , 15 , 0.15 , 90 , 16.09 , 14.85 , 0.774026 , -0.179409 , -0.179409 , 0.000414589 , 0.000829179 , -0.00124377
0.04 , 15 , 0.14 , 90 , 7.84 , 14.86 , 0.843269 , -0.212313 , -0.212313 , 0.000414589 , 0.000829179 , -0.00124377
0.06 , 15 , 0.13 , 90 , 43.03 , 14.87 , 0.910359 , -0.24403 , -0.24403 , 0.00829179 , 0.000829179 , -0.00663343
0.08 , 15 , 0.15 , 90 , 54.16 , 14.85 , 0.974756 , -0.274322 , -0.274322 , 0.0132669 , -0.000414589 , -0.016169
0.1 , 15 , 0.1 , 90 , 360 , 14.9 , 1.04054 , -0.305117 , -0.305117 , 0.0381422 , -0.0443611 , -0.0389714
0.12 , 15 , 0.09 , 90 , 325.03 , 14.91 , 1.10405 , -0.334695 , -0.334695 , 0.0472632 , -0.0509945 , -0.0505799
0.14 , 15 , 0.32 , 90 , 234.99 , 14.68 , 1.15743 , -0.359452 , -0.359452 , 0.0833325 , -0.092868 , -0.0870638
0.16 , 15 , 0.33 , 90 , 248.96 , 14.67 , 1.21752 , -0.387195 , -0.387195 , 0.0953556 , -0.104891 , -0.0990869
0.18 , 15 , 0.64 , 90 , 223.91 , 14.36 , 1.2653 , -0.409167 , -0.409167 , 0.150081 , -0.157544 , -0.15174
0.2 , 15 , 0.54 , 90 , 228.15 , 14.46 , 1.32701 , -0.437424 , -0.437424 , 0.16169 , -0.17164 , -0.164592
0.22 , 15 , 0.4 , 90 , 222.56 , 14.6 , 1.39039 , -0.466311 , -0.466311 , 0.23217 , -0.236316 , -0.232585
0.24 , 15 , 0.34 , 90 , 226.91 , 14.66 , 1.45145 , -0.494007 , -0.494007 , 0.250827 , -0.254143 , -0.247924
0.26 , 15 , 0.2 , 90 , 259.3 , 14.8 , 1.516 , -0.523145 , -0.523145 , 0.289798 , -0.292286 , -0.290213
0.28 , 15 , 0.55 , 90 , 99.41 , 14.45 , 1.56212 , -0.543874 , -0.543874 , 0.371887 , -0.354889 , -0.349499
0.3 , 15 , 0.66 , 90 , 94.64 , 14.34 , 1.61591 , -0.567959 , -0.567959 , 0.395518 , -0.37313 , -0.369399
0.32 , 15 , 1.67 , 90 , 95.94 , 13.33 , 1.63397 , -0.576025 , -0.576025 , 0.492118 , -0.4291 , -0.427027
0.34 , 15 , 1.88 , 90 , 92.45 , 13.12 , 1.67848 , -0.595852 , -0.595852 , 0.522383 , -0.446098 , -0.442781
0.36 , 15 , 3.3 , 90 , 90.99 , 11.7 , 1.67479 , -0.594213 , -0.594213 , 0.619811 , -0.49502 , -0.494605
0.38 , 15 , 3.58 , 90 , 90.64 , 11.42 , 1.70904 , -0.609426 , -0.609426 , 0.653393 , -0.508287 , -0.506214
0.4 , 15 , 4.67 , 90 , 87.23 , 10.33 , 1.71064 , -0.610134 , -0.610134 , 0.773624 , -0.550989 , -0.548916
0.42 , 15 , 4.77 , 90 , 86.85 , 10.23 , 1.74611 , -0.625847 , -0.625847 , 0.80223 , -0.56011 , -0.557623
0.44 , 15 , 5.1 , 90 , 87.93 , 9.9 , 1.77265 , -0.637575 , -0.637575 , 0.879344 , -0.578352 , -0.579181
0.46 , 15 , 6.34 , 90 , 85.31 , 8.66 , 1.76224 , -0.63298 , -0.63298 , 1.0116 , -0.611934 , -0.611105
0.48 , 15 , 6.45 , 90 , 85.52 , 8.55 , 1.79051 , -0.645455 , -0.645455 , 1.04933 , -0.618153 , -0.618567
0.5 , 15 , 6.78 , 90 , 85.66 , 8.22 , 1.81024 , -0.654149 , -0.654149 , 1.10198 , -0.629347 , -0.629347
0.52 , 15 , 8.01 , 90 , 87.46 , 6.99 , 1.79346 , -0.646755 , -0.646755 , 1.21392 , -0.648832 , -0.648832
0.54 , 15 , 8.19 , 90 , 87.83 , 6.81 , 1.8123 , -0.655055 , -0.655055 , 1.24957 , -0.650905 , -0.651734
0.56 , 15 , 9.15 , 90 , 93.42 , 5.85 , 1.80024 , -0.649744 , -0.649744 , 1.34368 , -0.660855 , -0.660026
0.58 , 15 , 9.43 , 90 , 94.43 , 5.57 , 1.81065 , -0.65433 , -0.65433 , 1.36649 , -0.660855 , -0.660441
0.6 , 15 , 10.6 , 90 , 97.62 , 4.4 , 1.78529 , -0.643155 , -0.643155 , 1.47179 , -0.660855 , -0.660441
0.62 , 15 , 10.86 , 90 , 97.69 , 4.14 , 1.79039 , -0.645403 , -0.645403 , 1.48713 , -0.660855 , -0.660855
0.64 , 15 , 11.31 , 90 , 98.2 , 3.69 , 1.78738 , -0.644075 , -0.644075 , 1.52818 , -0.660855 , -0.660855
0.66 , 15 , 12.42 , 90 , 96.66 , 2.58 , 1.75674 , -0.63055 , -0.63055 , 1.5999 , -0.660855 , -0.646345
0.68 , 15 , 12.52 , 90 , 96.26 , 2.48 , 1.7608 , -0.632342 , -0.632342 , 1.6169 , -0.660855 , -0.645516
0.7 , 15 , 12.73 , 90 , 95.43 , 2.27 , 1.76068 , -0.632289 , -0.632289 , 1.65587 , -0.651734 , -0.645101
0.72 , 15 , 12.83 , 90 , 93.39 , 2.17 , 1.76433 , -0.633904 , -0.633904 , 1.68945 , -0.635151 , -0.632249
0.74 , 15 , 12.82 , 90 , 93.24 , 2.18 , 1.77225 , -0.637401 , -0.637401 , 1.69567 , -0.634322 , -0.632249
0.76 , 15 , 13.23 , 90 , 94.41 , 1.77 , 1.76406 , -0.633782 , -0.633782 , 1.71184 , -0.633493 , -0.632249
0.78 , 15 , 13.33 , 90 , 94.69 , 1.67 , 1.76628 , -0.634762 , -0.634762 , 1.71599 , -0.633078 , -0.632249
0.8 , 15 , 13.61 , 90 , 95.73 , 1.39 , 1.76123 , -0.632531 , -0.632531 , 1.72594 , -0.633078 , -0.634736
0.82 , 15 , 14.6 , 90 , 97.46 , 0.4 , 1.72716 , -0.617457 , -0.617457 , 1.73671 , -0.633493 , -0.635566
0.84 , 15 , 14.72 , 90 , 97.47 , 0.28 , 1.72257 , -0.615427 , -0.615427 , 1.7392 , -0.633493 , -0.635566
0.86 , 15 , 15.26 , 90 , 96.79 , -0.26 , 1.70133 , -0.606006 , -0.606006 , 1.74584 , -0.63059 , -0.634736
0.88 , 15 , 15.27 , 90 , 96.59 , -0.27 , 1.69853 , -0.604763 , -0.604763 , 1.74749 , -0.628103 , -0.63142
0.9 , 15 , 15.03 , 90 , 95.24 , -0.0299997 , 1.70583 , -0.608003 , -0.608003 , 1.74749 , -0.611105 , -0.610276
0.92 , 15 , 14.98 , 90 , 95.15 , 0.0200005 , 1.70712 , -0.608572 , -0.608572 , 1.74749 , -0.609861 , -0.609861
0.94 , 15 , 14.66 , 90 , 94.44 , 0.34 , 1.71938 , -0.61401 , -0.61401 , 1.74957 , -0.606959 , -0.604057
0.96 , 15 , 14.61 , 90 , 94.61 , 0.39 , 1.72273 , -0.615497 , -0.615497 , 1.7504 , -0.606959 , -0.603642
0.98 , 15 , 14.57 , 90 , 95.54 , 0.43 , 1.72596 , -0.616927 , -0.616927 , 1.75496 , -0.606544 , -0.6053
1 , 15 , 14.64 , 90 , 95.74 , 0.36 , 1.72508 , -0.616537 , -0.616537 , 1.75662 , -0.606544 , -0.608617
1.02 , 15 , 14.82 , 90 , 96.24 , 0.18 , 1.71954 , -0.614083 , -0.614083 , 1.75993 , -0.606959 , -0.618567
1.04 , 15 , 15.64 , 90 , 96.17 , -0.64 , 1.68802 , -0.600093 , -0.600093 , 1.76118 , -0.606959 , -0.618567
1.06 , 15 , 15.68 , 90 , 96.07 , -0.68 , 1.68308 , -0.597898 , -0.597898 , 1.76118 , -0.606959 , -0.618567
1.08 , 15 , 15.82 , 90 , 95.89 , -0.82 , 1.67424 , -0.593966 , -0.593966 , 1.76118 , -0.606959 , -0.618153
1.1 , 15 , 15.65 , 90 , 95.6 , -0.65 , 1.67699 , -0.595192 , -0.595192 , 1.76076 , -0.606959 , -0.602813
1.12 , 15 , 15.61 , 90 , 95.7 , -0.61 , 1.67562 , -0.59458 , -0.59458 , 1.76035 , -0.606959 , -0.60074
1.14 , 15 , 15.36 , 90 , 95.78 , -0.36 , 1.68274 , -0.597744 , -0.597744 , 1.7504 , -0.6053 , -0.593277
1.16 , 15 , 15.36 , 90 , 95.82 , -0.36 , 1.68132 , -0.597117 , -0.597117 , 1.74625 , -0.600325 , -0.592863
1.18 , 15 , 15.65 , 90 , 94.9 , -0.65 , 1.66852 , -0.591424 , -0.591424 , 1.73381 , -0.594936 , -0.591204
1.2 , 15 , 15.7 , 90 , 94.75 , -0.7 , 1.66371 , -0.58928 , -0.58928 , 1.73215 , -0.594936 , -0.591204
1.22 , 15 , 15.83 , 90 , 94.42 , -0.83 , 1.65559 , -0.585666 , -0.585666 , 1.72428 , -0.594936 , -0.591204
1.24 , 15 , 15.87 , 90 , 95.14 , -0.87 , 1.65044 , -0.583369 , -0.583369 , 1.70479 , -0.582913 , -0.589961
1.26 , 15 , 15.83 , 90 , 95.41 , -0.83 , 1.6483 , -0.582417 , -0.582417 , 1.70065 , -0.583327 , -0.589546
1.28 , 15 , 15.89 , 90 , 95.79 , -0.89 , 1.64249 , -0.579825 , -0.579825 , 1.68116 , -0.580011 , -0.581669
1.3 , 15 , 15.9 , 90 , 95.65 , -0.9 , 1.63836 , -0.577982 , -0.577982 , 1.67992 , -0.580011 , -0.582498
1.32 , 15 , 16.24 , 90 , 94.94 , -1.24 , 1.62127 , -0.570354 , -0.570354 , 1.66416 , -0.576694 , -0.576694
1.34 , 15 , 16.27 , 90 , 94.8 , -1.27 , 1.61467 , -0.567408 , -0.567408 , 1.66209 , -0.576279 , -0.576694
1.36 , 15 , 16.39 , 90 , 94.08 , -1.39 , 1.60451 , -0.562865 , -0.562865 , 1.64965 , -0.572963 , -0.573792
1.38 , 15 , 16.35 , 90 , 94.02 , -1.35 , 1.60011 , -0.560897 , -0.560897 , 1.64302 , -0.569646 , -0.570475
1.4 , 15 , 16.2 , 90 , 94.24 , -1.2 , 1.60032 , -0.560989 , -0.560989 , 1.62851 , -0.5655 , -0.565085
1.42 , 15 , 15.92 , 90 , 94.94 , -0.92 , 1.60642 , -0.563717 , -0.563717 , 1.61483 , -0.563842 , -0.56011
1.44 , 15 , 15.9 , 90 , 95.06 , -0.9 , 1.60372 , -0.56251 , -0.56251 , 1.61317 , -0.563842 , -0.560525
1.46 , 15 , 15.93 , 90 , 95.46 , -0.93 , 1.5991 , -0.560444 , -0.560444 , 1.61109 , -0.563842 , -0.56011
1.48 , 15 , 15.95 , 90 , 95.4 , -0.95 , 1.59469 , -0.558469 , -0.558469 , 1.61068 , -0.563427 , -0.560525
1.5 , 15 , 16.05 , 90 , 94.82 , -1.05 , 1.58702 , -0.555038 , -0.555038 , 1.61068 , -0.560939 , -0.56011
1.52 , 15 , 16.04 , 90 , 94.78 , -1.04 , 1.58316 , -0.55331 , -0.55331 , 1.61027 , -0.560525 , -0.56011
1.54 , 15 , 15.82 , 90 , 94.48 , -0.82 , 1.5876 , -0.555297 , -0.555297 , 1.5941 , -0.558037 , -0.554721
1.56 , 15 , 15.76 , 90 , 94.56 , -0.76 , 1.58685 , -0.554962 , -0.554962 , 1.59119 , -0.556794 , -0.554306
1.58 , 15 , 15.87 , 90 , 94.57 , -0.87 , 1.57968 , -0.551751 , -0.551751 , 1.58829 , -0.556794 , -0.553062
1.6 , 15 , 15.9 , 90 , 94.61 , -0.9 , 1.57504 , -0.549671 , -0.549671 , 1.58788 , -0.556794 , -0.553062
1.62 , 15 , 15.99 , 90 , 94.47 , -0.99 , 1.56789 , -0.546464 , -0.546464 , 1.58829 , -0.55555 , -0.552648
1.64 , 15 , 16.31 , 90 , 93.91 , -1.31 , 1.55128 , -0.53901 , -0.53901 , 1.58249 , -0.55016 , -0.546843
1.66 , 15 , 16.32 , 90 , 93.92 , -1.32 , 1.54525 , -0.536302 , -0.536302 , 1.57959 , -0.549746 , -0.5456
1.68 , 15 , 16.26 , 90 , 94.08 , -1.26 , 1.54201 , -0.534844 , -0.534844 , 1.5601 , -0.5456 , -0.542283
1.7 , 15 , 16.18 , 90 , 94.13 , -1.18 , 1.53991 , -0.5339 , -0.5339 , 1.5543 , -0.542697 , -0.538966
1.72 , 15 , 15.9 , 90 , 94.73 , -0.9 , 1.54606 , -0.536665 , -0.536665 , 1.5431 , -0.537722 , -0.531918
1.74 , 15 , 15.87 , 90 , 94.8 , -0.87 , 1.54382 , -0.535657 , -0.535657 , 1.54144 , -0.538137 , -0.531504
1.76 , 15 , 15.78 , 90 , 94.51 , -0.78 , 1.54401 , -0.535742 , -0.535742 , 1.5402 , -0.537308 , -0.531504
1.78 , 15 , 15.77 , 90 , 94.4 , -0.77 , 1.54147 , -0.534604 , -0.534604 , 1.54061 , -0.536893 , -0.531918
1.8 , 15 , 15.72 , 90 , 94.05 , -0.72 , 1.54051 , -0.534171 , -0.534171 , 1.54061 , -0.536893 , -0.531504
1.82 , 15 , 15.48 , 90 , 93.46 , -0.48 , 1.5472 , -0.537177 , -0.537177 , 1.54103 , -0.535235 , -0.531504
1.84 , 15 , 15.44 , 90 , 93.44 , -0.44 , 1.54721 , -0.537181 , -0.537181 , 1.54061 , -0.535235 , -0.531918
1.86 , 15 , 15.22 , 90 , 94.17 , -0.22 , 1.55437 , -0.540399 , -0.540399 , 1.54186 , -0.535235 , -0.53482
1.88 , 15 , 15.23 , 90 , 94.25 , -0.23 , 1.55354 , -0.540024 , -0.540024 , 1.54476 , -0.535235 , -0.536893
1.9 , 15 , 15.5 , 90 , 94.49 , -0.5 , 1.54236 , -0.535002 , -0.535002 , 1.55056 , -0.535235 , -0.541454
1.92 , 15 , 15.59 , 90 , 94.48 , -0.59 , 1.53681 , -0.532507 , -0.532507 , 1.55264 , -0.535235 , -0.540625
1.94 , 15 , 16.02 , 90 , 93.57 , -1.02 , 1.51751 , -0.523824 , -0.523824 , 1.55305 , -0.535235 , -0.541039
1.96 , 15 , 16.04 , 90 , 93.51 , -1.04 , 1.51215 , -0.521411 , -0.521411 , 1.55305 , -0.535235 , -0.540625
1.98 , 15 , 15.81 , 90 , 93.72 , -0.81 , 1.51659 , -0.523409 , -0.523409 , 1.53937 , -0.528187 , -0.527772
2 , 15 , 15.69 , 90 , 93.78 , -0.69 , 1.51794 , -0.524017 , -0.524017 , 1.53191 , -0.526943 , -0.527358
2.02 , 15 , 15.46 , 90 , 94.55 , -0.46 , 1.52418 , -0.526829 , -0.526829 , 1.51657 , -0.524041 , -0.522383
2.04 , 15 , 15.19 , 90 , 95.04 , -0.19 , 1.53311 , -0.530845 , -0.530845 , 1.51242 , -0.524041 , -0.521139
2.06 , 15 , 15.2 , 90 , 95.08 , -0.2 , 1.53236 , -0.530506 , -0.530506 , 1.51076 , -0.524041 , -0.521968
2.08 , 15 , 15.43 , 90 , 94.2 , -0.43 , 1.52285 , -0.526227 , -0.526227 , 1.51076 , -0.524456 , -0.522797
2.1 , 15 , 15.46 , 90 , 94.17 , -0.46 , 1.51997 , -0.524932 , -0.524932 , 1.51076 , -0.524456 , -0.525285
2.12 , 15 , 15.51 , 90 , 93.38 , -0.51 , 1.51618 , -0.523227 , -0.523227 , 1.52279 , -0.524456 , -0.526943
2.14 , 15 , 15.44 , 90 , 93.33 , -0.44 , 1.51685 , -0.523527 , -0.523527 , 1.5261 , -0.524456 , -0.526943
2.16 , 15 , 15.13 , 90 , 93.97 , -0.13 , 1.52726 , -0.528214 , -0.528214 , 1.52776 , -0.524041 , -0.526943
2.18 , 15 , 15.09 , 90 , 94.03 , -0.0900002 , 1.52862 , -0.528824 , -0.528824 , 1.52776 , -0.524041 , -0.526943
2.2 , 15 , 15.03 , 90 , 94.45 , -0.0299997 , 1.53085 , -0.529829 , -0.529829 , 1.52735 , -0.524041 , -0.526943
2.22 , 15 , 15.33 , 90 , 94.61 , -0.33 , 1.51923 , -0.524597 , -0.524597 , 1.5232 , -0.524041 , -0.526943
2.24 , 15 , 15.39 , 90 , 94.52 , -0.39 , 1.51544 , -0.522894 , -0.522894 , 1.5232 , -0.524041 , -0.526943
2.26 , 15 , 15.76 , 90 , 93.96 , -0.76 , 1.49927 , -0.515607 , -0.515607 , 1.5203 , -0.524041 , -0.526943
2.28 , 15 , 15.76 , 90 , 93.88 , -0.76 , 1.49578 , -0.514033 , -0.514033 , 1.51864 , -0.524041 , -0.526943
2.3 , 15 , 15.45 , 90 , 94.06 , -0.45 , 1.50453 , -0.517979 , -0.517979 , 1.50496 , -0.521553 , -0.52031
2.32 , 15 , 15.33 , 90 , 94.17 , -0.33 , 1.50745 , -0.519296 , -0.519296 , 1.49957 , -0.519895 , -0.518237
2.34 , 15 , 14.95 , 90 , 94.85 , 0.0500002 , 1.52111 , -0.525447 , -0.525447 , 1.49335 , -0.51948 , -0.515749
2.36 , 15 , 14.96 , 90 , 94.83 , 0.04 , 1.52135 , -0.525554 , -0.525554 , 1.49335 , -0.51948 , -0.515749
2.38 , 15 , 14.98 , 90 , 94.78 , 0.0200005 , 1.52103 , -0.52541 , -0.52541 , 1.49335 , -0.519066 , -0.515749
2.4 , 15 , 15.31 , 90 , 93.94 , -0.31 , 1.50842 , -0.519731 , -0.519731 , 1.49584 , -0.519066 , -0.519895
2.42 , 15 , 15.34 , 90 , 93.86 , -0.34 , 1.50588 , -0.518585 , -0.518585 , 1.5033 , -0.519066 , -0.521968
2.44 , 15 , 15.17 , 90 , 93.79 , -0.17 , 1.51106 , -0.520922 , -0.520922 , 1.51408 , -0.51948 , -0.523212
2.46 , 15 , 15.11 , 90 , 93.93 , -0.11 , 1.51282 , -0.521713 , -0.521713 , 1.51657 , -0.519066 , -0.523212
2.48 , 15 , 14.58 , 90 , 94.96 , 0.42 , 1.53323 , -0.5309 , -0.5309 , 1.5174 , -0.519066 , -0.523212
2.5 , 15 , 14.53 , 90 , 95.09 , 0.47 , 1.53744 , -0.532793 , -0.532793 , 1.5174 , -0.51948 , -0.524041
2.52 , 15 , 14.61 , 90 , 95.34 , 0.39 , 1.53665 , -0.532436 , -0.532436 , 1.5174 , -0.51948 , -0.523212
2.54 , 15 , 14.67 , 90 , 95.22 , 0.33 , 1.53613 , -0.532201 , -0.532201 , 1.5174 , -0.51948 , -0.525699
2.56 , 15 , 14.89 , 90 , 94.83 , 0.11 , 1.52899 , -0.52899 , -0.52899 , 1.51947 , -0.51948 , -0.533162
2.58 , 15 , 15.29 , 90 , 93.89 , -0.29 , 1.51369 , -0.522106 , -0.522106 , 1.52776 , -0.519895 , -0.533162
2.6 , 15 , 15.28 , 90 , 93.88 , -0.28 , 1.5125 , -0.521568 , -0.521568 , 1.52901 , -0.523626 , -0.533162
2.62 , 15 , 14.92 , 90 , 94.66 , 0.0799999 , 1.52516 , -0.527269 , -0.527269 , 1.53025 , -0.524456 , -0.528601
2.64 , 15 , 14.85 , 90 , 94.83 , 0.15 , 1.52832 , -0.528688 , -0.528688 , 1.53066 , -0.524041 , -0.525285
2.66 , 15 , 14.64 , 90 , 95.88 , 0.36 , 1.53724 , -0.532702 , -0.532702 , 1.53066 , -0.524456 , -0.523212
2.68 , 15 , 14.66 , 90 , 95.74 , 0.34 , 1.53817 , -0.533117 , -0.533117 , 1.53025 , -0.524041 , -0.524041
2.7 , 15 , 15.07 , 90 , 94.69 , -0.0699997 , 1.52365 , -0.526588 , -0.526588 , 1.53025 , -0.531504 , -0.526114
2.72 , 15 , 15.1 , 90 , 94.56 , -0.1 , 1.52195 , -0.525823 , -0.525823 , 1.53108 , -0.531504 , -0.528601
2.74 , 15 , 15.27 , 90 , 93.73 , -0.27 , 1.5147 , -0.522562 , -0.522562 , 1.53357 , -0.531918 , -0.530674
2.76 , 15 , 15.24 , 90 , 93.66 , -0.24 , 1.5145 , -0.522471 , -0.522471 , 1.53398 , -0.531918 , -0.530674
2.78 , 15 , 15.14 , 90 , 93.76 , -0.14 , 1.51727 , -0.523717 , -0.523717 , 1.53398 , -0.531918 , -0.530674
2.8 , 15 , 14.77 , 90 , 94.52 , 0.23 , 1.53114 , -0.529958 , -0.529958 , 1.53357 , -0.531504 , -0.526114
2.82 , 15 , 14.81 , 90 , 94.55 , 0.19 , 1.53079 , -0.529801 , -0.529801 , 1.52942 , -0.531918 , -0.525699
2.84 , 15 , 15.22 , 90 , 94.34 , -0.22 , 1.51567 , -0.522997 , -0.522997 , 1.52362 , -0.531918 , -0.525699
2.86 , 15 , 15.29 , 90 , 94.18 , -0.29 , 1.51179 , -0.52125 , -0.52125 , 1.52279 , -0.531918 , -0.525699
2.88 , 15 , 15.81 , 90 , 93.59 , -0.81 , 1.49004 , -0.511445 , -0.511445 , 1.51988 , -0.526943 , -0.525699
2.9 , 15 , 15.85 , 90 , 93.5 , -0.85 , 1.48457 , -0.508976 , -0.508976 , 1.51781 , -0.525285 , -0.525285
2.92 , 15 , 15.76 , 90 , 93.34 , -0.76 , 1.48417 , -0.508793 , -0.508793 , 1.5033 , -0.519895 , -0.515335
2.94 , 15 , 15.67 , 90 , 93.38 , -0.67 , 1.48432 , -0.508864 , -0.508864 , 1.49791 , -0.518237 , -0.511603
2.96 , 15 , 15.22 , 90 , 94.05 , -0.22 , 1.49907 , -0.515515 , -0.515515 , 1.48464 , -0.515749 , -0.507872
2.98 , 15 , 15.2 , 90 , 94.19 , -0.2 , 1.49924 , -0.515595 , -0.515595 , 1.48216 , -0.515335 , -0.507457
3 , 15 , 15.21 , 90 , 94.12 , -0.21 , 1.49826 , -0.515151 , -0.515151 , 1.47967 , -0.515335 , -0.507457
3.02 , 15 , 15.53 , 90 , 93.35 , -0.53 , 1.48505 , -0.509193 , -0.509193 , 1.48008 , -0.51492 , -0.507872
3.04 , 15 , 15.54 , 90 , 93.31 , -0.54 , 1.48237 , -0.507984 , -0.507984 , 1.4805 , -0.51492 , -0.508701
3.06 , 15 , 15.52 , 90 , 93.2 , -0.52 , 1.48089 , -0.507313 , -0.507313 , 1.48796 , -0.515335 , -0.510774
3.08 , 15 , 15.1 , 90 , 93.73 , -0.1 , 1.49518 , -0.513763 , -0.513763 , 1.49252 , -0.510774 , -0.510774
3.1 , 15 , 15.02 , 90 , 93.83 , -0.0200005 , 1.49827 , -0.515156 , -0.515156 , 1.49294 , -0.51036 , -0.510774
3.12 , 15 , 14.85 , 90 , 94.11 , 0.15 , 1.50517 , -0.518265 , -0.518265 , 1.49294 , -0.51036 , -0.510774
3.14 , 15 , 14.88 , 90 , 94.03 , 0.12 , 1.50499 , -0.518186 , -0.518186 , 1.49294 , -0.51036 , -0.510774
3.16 , 15 , 15.03 , 90 , 93.84 , -0.0299997 , 1.49987 , -0.515875 , -0.515875 , 1.49667 , -0.51036 , -0.515749
3.18 , 15 , 15.51 , 90 , 92.86 , -0.51 , 1.48103 , -0.507376 , -0.507376 , 1.50289 , -0.51036 , -0.518237
3.2 , 15 , 15.52 , 90 , 92.78 , -0.52 , 1.4782 , -0.506098 , -0.506098 , 1.50372 , -0.51036 , -0.517822
3.22 , 15 , 15.34 , 90 , 93.27 , -0.34 , 1.48286 , -0.508202 , -0.508202 , 1.50372 , -0.51036 , -0.517822
3.24 , 15 , 15.29 , 90 , 93.42 , -0.29 , 1.48339 , -0.508445 , -0.508445 , 1.50372 , -0.51036 , -0.517408
3.26 , 15 , 14.73 , 90 , 94.62 , 0.27 , 1.50412 , -0.517792 , -0.517792 , 1.49377 , -0.51036 , -0.50953
3.28 , 15 , 14.66 , 90 , 94.8 , 0.34 , 1.50843 , -0.519736 , -0.519736 , 1.49128 , -0.510774 , -0.50953
3.3 , 15 , 14.64 , 90 , 95.22 , 0.36 , 1.51099 , -0.520888 , -0.520888 , 1.48506 , -0.51036 , -0.50953
3.32 , 15 , 14.68 , 90 , 94.99 , 0.32 , 1.5112 , -0.520984 , -0.520984 , 1.48464 , -0.510774 , -0.50953
3.34 , 15 , 15.1 , 90 , 93.85 , -0.1 , 1.49628 , -0.514259 , -0.514259 , 1.48879 , -0.51036 , -0.517822
3.36 , 15 , 15.13 , 90 , 93.63 , -0.13 , 1.4945 , -0.513458 , -0.513458 , 1.49418 , -0.51036 , -0.518651
3.38 , 15 , 15.15 , 90 , 92.96 , -0.15 , 1.49304 , -0.5128 , -0.5128 , 1.49916 , -0.51036 , -0.519895
3.4 , 15 , 14.78 , 90 , 93.73 , 0.22 , 1.50679 , -0.518994 , -0.518994 , 1.50579 , -0.51036 , -0.51948
3.42 , 15 , 14.7 , 90 , 93.93 , 0.3 , 1.51103 , -0.520906 , -0.520906 , 1.5062 , -0.51036 , -0.51948
3.44 , 15 , 14.41 , 90 , 95.52 , 0.59 , 1.5238 , -0.526657 , -0.526657 , 1.5062 , -0.510774 , -0.518237
3.46 , 15 , 14.43 , 90 , 95.57 , 0.57 , 1.52581 , -0.527561 , -0.527561 , 1.50703 , -0.512847 , -0.519066
3.48 , 15 , 14.83 , 90 , 95.41 , 0.17 , 1.51273 , -0.521674 , -0.521674 , 1.51491 , -0.524041 , -0.51948
3.5 , 15 , 14.9 , 90 , 95.31 , 0.1 , 1.51053 , -0.520681 , -0.520681 , 1.51657 , -0.526114 , -0.523626
3.52 , 15 , 15.11 , 90 , 94.86 , -0.11 , 1.50256 , -0.517091 , -0.517091 , 1.52071 , -0.527358 , -0.526529
3.54 , 15 , 15.07 , 90 , 94.76 , -0.0699997 , 1.50339 , -0.517462 , -0.517462 , 1.52071 , -0.527772 , -0.526114
3.56 , 15 , 14.99 , 90 , 94.68 , 0.0100002 , 1.50605 , -0.518665 , -0.518665 , 1.5203 , -0.527358 , -0.525285
3.58 , 15 , 14.8 , 90 , 93.92 , 0.2 , 1.51345 , -0.521998 , -0.521998 , 1.52071 , -0.527358 , -0.52031
3.6 , 15 , 14.8 , 90 , 93.98 , 0.2 , 1.51436 , -0.522406 , -0.522406 , 1.51906 , -0.527358 , -0.52031
3.62 , 15 , 14.85 , 90 , 93.96 , 0.15 , 1.51326 , -0.521913 , -0.521913 , 1.51449 , -0.527358 , -0.519895
3.64 , 15 , 15.19 , 90 , 93.77 , -0.19 , 1.50056 , -0.516189 , -0.516189 , 1.51367 , -0.524041 , -0.519895
3.66 , 15 , 15.28 , 90 , 93.67 , -0.28 , 1.49596 , -0.514115 , -0.514115 , 1.51367 , -0.524041 , -0.519895
3.68 , 15 , 15.52 , 90 , 93.94 , -0.52 , 1.48515 , -0.509238 , -0.509238 , 1.51242 , -0.52031 , -0.519895
3.7 , 15 , 15.53 , 90 , 94 , -0.53 , 1.48224 , -0.507922 , -0.507922 , 1.50993 , -0.519895 , -0.51948
3.72 , 15 , 15.33 , 90 , 94.35 , -0.33 , 1.48759 , -0.510341 , -0.510341 , 1.49501 , -0.514091 , -0.50953
3.74 , 15 , 15.32 , 90 , 94.5 , -0.32 , 1.48659 , -0.509886 , -0.509886 , 1.49003 , -0.514091 , -0.50953
3.76 , 15 , 15.22 , 90 , 94.59 , -0.22 , 1.48915 , -0.511043 , -0.511043 , 1.4834 , -0.513676 , -0.508287
3.78 , 15 , 15.35 , 90 , 93.49 , -0.35 , 1.48322 , -0.508368 , -0.508368 , 1.4805 , -0.513676 , -0.507872
3.8 , 15 , 15.41 , 90 , 93.31 , -0.41 , 1.47938 , -0.506632 , -0.506632 , 1.48008 , -0.513676 , -0.507872
3.82 , 15 , 15.4 , 90 , 92.76 , -0.4 , 1.47801 , -0.506013 , -0.506013 , 1.48008 , -0.510774 , -0.507872
3.84 , 15 , 15.38 , 90 , 92.82 , -0.38 , 1.47712 , -0.505613 , -0.505613 , 1.48008 , -0.510774 , -0.507872
3.86 , 15 , 15.05 , 90 , 93.68 , -0.0500002 , 1.48848 , -0.510742 , -0.510742 , 1.47967 , -0.508701 , -0.507043
3.88 , 15 , 15.01 , 90 , 93.94 , -0.0100002 , 1.49014 , -0.511491 , -0.511491 , 1.48091 , -0.508701 , -0.506214
3.9 , 15 , 14.85 , 90 , 94.84 , 0.15 , 1.49662 , -0.514411 , -0.514411 , 1.47967 , -0.508701 , -0.505799
3.92 , 15 , 14.86 , 90 , 94.88 , 0.14 , 1.49717 , -0.514659 , -0.514659 , 1.47967 , -0.508287 , -0.506214
3.94 , 15 , 14.98 , 90 , 94.66 , 0.0200005 , 1.49328 , -0.512905 , -0.512905 , 1.48008 , -0.508701 , -0.506214
3.96 , 15 , 15.36 , 90 , 93.63 , -0.36 , 1.47857 , -0.506268 , -0.506268 , 1.49003 , -0.508701 , -0.511603
3.98 , 15 , 15.38 , 90 , 93.49 , -0.38 , 1.47606 , -0.505132 , -0.505132 , 1.49128 , -0.508287 , -0.511603
4 , 15 , 15.25 , 90 , 93.05 , -0.25 , 1.47939 , -0.506638 , -0.506638 , 1.49335 , -0.508287 , -0.511603
4.02 , 15 , 15.2 , 90 , 93.14 , -0.2 , 1.48029 , -0.507043 , -0.507043 , 1.49252 , -0.508287 , -0.512018
4.04 , 15 , 14.82 , 90 , 94.07 , 0.18 , 1.49433 , -0.513381 , -0.513381 , 1.49045 , -0.508287 , -0.511603
4.06 , 15 , 14.8 , 90 , 94.22 , 0.2 , 1.49617 , -0.514209 , -0.514209 , 1.48713 , -0.508287 , -0.511603
4.08 , 15 , 14.99 , 90 , 94.43 , 0.0100002 , 1.48979 , -0.511331 , -0.511331 , 1.48423 , -0.508287 , -0.511189
4.1 , 15 , 15.05 , 90 , 94.41 , -0.0500002 , 1.48749 , -0.510296 , -0.510296 , 1.48423 , -0.508287 , -0.511189
4.12 , 15 , 15.5 , 90 , 93.89 , -0.5 , 1.46966 , -0.502243 , -0.502243 , 1.48464 , -0.508287 , -0.511189
4.14 , 15 , 15.54 , 90 , 93.79 , -0.54 , 1.46566 , -0.500434 , -0.500434 , 1.48589 , -0.508287 , -0.511189
4.16 , 15 , 15.59 , 90 , 93.55 , -0.59 , 1.46119 , -0.498415 , -0.498415 , 1.48755 , -0.508287 , -0.510774
4.18 , 15 , 15.05 , 90 , 93.86 , -0.0500002 , 1.47963 , -0.506746 , -0.506746 , 1.48755 , -0.505384 , -0.503312
4.2 , 15 , 14.91 , 90 , 93.97 , 0.0900002 , 1.48516 , -0.509243 , -0.509243 , 1.4863 , -0.504555 , -0.502068
4.22 , 15 , 14.42 , 90 , 94.85 , 0.58 , 1.50498 , -0.518182 , -0.518182 , 1.46267 , -0.504555 , -0.49958
4.24 , 15 , 14.39 , 90 , 94.95 , 0.61 , 1.50916 , -0.520062 , -0.520062 , 1.46018 , -0.504555 , -0.49958
4.26 , 15 , 14.81 , 90 , 94.45 , 0.19 , 1.4957 , -0.513997 , -0.513997 , 1.45977 , -0.504555 , -0.50953
4.28 , 15 , 14.88 , 90 , 94.33 , 0.12 , 1.49375 , -0.513118 , -0.513118 , 1.45977 , -0.504555 , -0.516164
4.3 , 15 , 14.97 , 90 , 94.02 , 0.0299997 , 1.4907 , -0.511742 , -0.511742 , 1.45977 , -0.50497 , -0.518651
4.32 , 15 , 14.55 , 90 , 93.64 , 0.45 , 1.50717 , -0.519169 , -0.519169 , 1.47677 , -0.507872 , -0.519066
4.34 , 15 , 14.44 , 90 , 93.84 , 0.56 , 1.51362 , -0.522074 , -0.522074 , 1.47967 , -0.508287 , -0.518651
4.36 , 15 , 14.21 , 90 , 94.42 , 0.79 , 1.52521 , -0.52729 , -0.52729 , 1.49086 , -0.509945 , -0.518651
4.38 , 15 , 14.11 , 90 , 95.46 , 0.89 , 1.53275 , -0.53068 , -0.53068 , 1.50537 , -0.518237 , -0.518651
4.4 , 15 , 14.16 , 90 , 95.47 , 0.84 , 1.53477 , -0.531593 , -0.531593 , 1.50703 , -0.521553 , -0.519066
4.42 , 15 , 14.83 , 90 , 94.78 , 0.17 , 1.51219 , -0.521429 , -0.521429 , 1.52113 , -0.531918 , -0.531089
4.44 , 15 , 14.89 , 90 , 94.9 , 0.11 , 1.5101 , -0.520488 , -0.520488 , 1.52279 , -0.531504 , -0.532333
4.46 , 15 , 15.15 , 90 , 94.74 , -0.15 , 1.50002 , -0.515947 , -0.515947 , 1.52652 , -0.531918 , -0.532333
4.48 , 15 , 15.13 , 90 , 94.77 , -0.13 , 1.49971 , -0.515805 , -0.515805 , 1.52652 , -0.531918 , -0.532333
4.5 , 15 , 14.84 , 90 , 94.21 , 0.16 , 1.51017 , -0.520518 , -0.520518 , 1.52693 , -0.531918 , -0.519895
4.52 , 15 , 14.79 , 90 , 94.14 , 0.21 , 1.51274 , -0.521677 , -0.521677 , 1.52652 , -0.531504 , -0.51948
4.54 , 15 , 14.65 , 90 , 94.24 , 0.35 , 1.51906 , -0.524522 , -0.524522 , 1.52569 , -0.524041 , -0.519066
4.56 , 15 , 14.64 , 90 , 93.6 , 0.36 , 1.52098 , -0.525385 , -0.525385 , 1.51491 , -0.523212 , -0.519066
4.58 , 15 , 14.64 , 90 , 93.63 , 0.36 , 1.52252 , -0.526081 , -0.526081 , 1.51325 , -0.523212 , -0.519066
4.6 , 15 , 14.91 , 90 , 93.67 , 0.0900002 , 1.51349 , -0.522016 , -0.522016 , 1.51076 , -0.523212 , -0.521553
4.62 , 15 , 14.93 , 90 , 93.83 , 0.0699997 , 1.51291 , -0.521755 , -0.521755 , 1.51076 , -0.523212 , -0.522383
4.64 , 15 , 14.86 , 90 , 94.49 , 0.14 , 1.51583 , -0.523067 , -0.523067 , 1.51491 , -0.523626 , -0.524456
4.66 , 15 , 14.83 , 90 , 94.58 , 0.17 , 1.51755 , -0.523843 , -0.523843 , 1.51615 , -0.523212 , -0.524456
4.68 , 15 , 14.67 , 90 , 95.18 , 0.33 , 1.52451 , -0.526975 , -0.526975 , 1.51864 , -0.523626 , -0.524456
4.7 , 15 , 14.68 , 90 , 95.1 , 0.32 , 1.52559 , -0.527463 , -0.527463 , 1.51864 , -0.523212 , -0.524456
4.72 , 15 , 14.77 , 90 , 94.37 , 0.23 , 1.52345 , -0.526497 , -0.526497 , 1.51988 , -0.523212 , -0.525285
4.74 , 15 , 14.79 , 90 , 94.24 , 0.21 , 1.52357 , -0.526553 , -0.526553 , 1.52113 , -0.523212 , -0.526114
4.76 , 15 , 14.85 , 90 , 93.95 , 0.15 , 1.52204 , -0.525863 , -0.525863 , 1.52154 , -0.523212 , -0.526943
4.78 , 15 , 14.76 , 90 , 93.93 , 0.24 , 1.52609 , -0.527687 , -0.527687 , 1.52154 , -0.523212 , -0.527358
4.8 , 15 , 14.79 , 90 , 94.06 , 0.21 , 1.52592 , -0.527609 , -0.527609 , 1.52154 , -0.523212 , -0.527772
4.82 , 15 , 14.8 , 90 , 94.58 , 0.2 , 1.52637 , -0.527814 , -0.527814 , 1.52196 , -0.523212 , -0.527772
4.84 , 15 , 14.82 , 90 , 94.68 , 0.18 , 1.52639 , -0.52782 , -0.52782 , 1.52237 , -0.523212 , -0.527772
4.86 , 15 , 15.09 , 90 , 94.39 , -0.0900002 , 1.51651 , -0.523377 , -0.523377 , 1.5232 , -0.523212 , -0.528187
4.88 , 15 , 15.14 , 90 , 94.28 , -0.14 , 1.51392 , -0.522209 , -0.522209 , 1.5232 , -0.523212 , -0.528187
4.9 , 15 , 15.26 , 90 , 93.97 , -0.26 , 1.50841 , -0.519728 , -0.519728 , 1.5232 , -0.523626 , -0.528187
4.92 , 15 , 15.26 , 90 , 93.57 , -0.26 , 1.50707 , -0.519123 , -0.519123 , 1.52279 , -0.523212 , -0.526114
4.94 , 15 , 15.22 , 90 , 93.61 , -0.22 , 1.50737 , -0.519256 , -0.519256 , 1.52279 , -0.523626 , -0.524041
4.96 , 15 , 14.8 , 90 , 94.35 , 0.2 , 1.52278 , -0.526196 , -0.526196 , 1.51698 , -0.523212 , -0.52031
4.98 , 15 , 14.73 , 90 , 94.45 , 0.27 , 1.5266 , -0.527918 , -0.527918 , 1.51574 , -0.523212 , -0.519895
5 , 15 , 14.67 , 90 , 94.74 , 0.33 , 1.5303 , -0.529582 , -0.529582 , 1.51367 , -0.523626 , -0.51948
